image,label
0.jpg,5 4 2 7 0 1 3 6 8
1.jpg,4 6 8 2 3 7 1 5 0
2.jpg,7 8 5 4 1 0 2 3 6
3.jpg,4 2 6 3 5 8 7 0 1
4.jpg,8 5 2 7 6 0 4 3 1
5.jpg,4 8 1 3 7 5 6 2 0
6.jpg,4 5 2 3 7 8 1 0 6
7.jpg,0 7 3 8 6 1 4 2 5
8.jpg,2 3 7 4 0 8 6 1 5
9.jpg,7 5 4 3 1 2 6 8 0
10.jpg,6 2 0 4 8 5 3 7 1
11.jpg,1 5 2 6 3 8 7 0 4
12.jpg,7 8 6 5 4 1 0 3 2
13.jpg,7 0 8 1 4 5 6 3 2
14.jpg,5 4 0 6 7 1 3 8 2
15.jpg,5 6 3 4 7 0 1 2 8
16.jpg,3 6 5 4 2 7 0 1 8
17.jpg,7 6 3 2 4 0 1 5 8
18.jpg,4 1 6 2 3 5 0 8 7
19.jpg,5 2 0 1 4 7 6 8 3
20.jpg,2 4 0 6 5 7 3 1 8
21.jpg,6 1 0 2 8 7 3 5 4
22.jpg,4 7 1 6 8 0 2 3 5
23.jpg,7 4 1 5 0 3 2 8 6
24.jpg,1 6 5 2 8 3 0 7 4
25.jpg,5 8 3 7 1 6 4 0 2
26.jpg,0 6 8 3 1 2 5 4 7
27.jpg,8 5 3 0 1 6 2 7 4
28.jpg,2 7 1 8 5 3 0 6 4
29.jpg,4 2 6 1 5 8 7 3 0
30.jpg,3 1 8 5 6 4 7 0 2
31.jpg,0 5 6 2 7 4 8 1 3
32.jpg,1 3 7 0 5 8 4 2 6
33.jpg,2 3 6 7 0 1 8 4 5
34.jpg,4 5 7 0 1 8 6 3 2
35.jpg,4 8 1 0 3 6 7 5 2
36.jpg,5 3 6 0 4 7 1 8 2
37.jpg,1 6 7 0 3 2 8 5 4
38.jpg,0 6 4 7 5 8 2 1 3
39.jpg,8 7 2 1 5 3 4 6 0
40.jpg,0 5 8 3 7 6 4 1 2
41.jpg,8 2 0 3 7 6 5 4 1
42.jpg,0 4 6 5 1 2 8 3 7
43.jpg,0 5 8 2 1 3 7 6 4
44.jpg,7 4 1 2 3 5 6 0 8
45.jpg,3 8 6 2 1 5 0 7 4
46.jpg,6 7 0 5 1 2 8 4 3
47.jpg,4 0 5 3 7 8 2 1 6
48.jpg,5 4 6 7 8 2 3 1 0
49.jpg,5 8 1 2 6 4 7 3 0
50.jpg,2 4 5 6 1 0 8 7 3
51.jpg,0 1 5 4 3 8 6 7 2
52.jpg,4 1 0 8 7 6 3 5 2
53.jpg,4 6 1 7 8 3 0 5 2
54.jpg,0 7 5 2 4 8 3 1 6
55.jpg,4 0 6 3 7 1 2 8 5
56.jpg,5 3 7 1 4 6 8 2 0
57.jpg,6 8 0 5 7 2 4 1 3
58.jpg,0 2 3 8 6 4 1 7 5
59.jpg,7 8 2 1 3 0 5 6 4
60.jpg,6 8 7 5 4 2 1 3 0
61.jpg,3 8 2 4 7 1 5 6 0
62.jpg,1 6 8 2 4 5 3 0 7
63.jpg,1 4 0 5 3 8 2 7 6
64.jpg,1 6 2 4 7 8 5 0 3
65.jpg,2 0 8 7 6 5 1 3 4
66.jpg,1 2 5 0 3 6 8 7 4
67.jpg,0 5 3 4 1 6 7 2 8
68.jpg,0 1 3 2 5 4 6 7 8
69.jpg,7 4 8 2 0 5 3 1 6
70.jpg,0 1 2 5 7 3 4 6 8
71.jpg,8 0 2 5 7 3 6 1 4
72.jpg,3 7 8 1 2 0 4 6 5
73.jpg,6 5 8 7 3 0 2 4 1
74.jpg,8 4 5 6 1 2 3 0 7
75.jpg,5 0 2 1 3 6 8 7 4
76.jpg,6 1 5 3 4 7 0 2 8
77.jpg,7 5 8 0 3 1 2 6 4
78.jpg,4 5 1 6 0 7 2 3 8
79.jpg,3 2 8 4 0 7 1 6 5
80.jpg,4 1 8 0 7 6 2 3 5
81.jpg,7 2 3 6 0 8 1 5 4
82.jpg,0 2 5 6 3 1 4 8 7
83.jpg,8 1 7 0 6 2 4 5 3
84.jpg,8 7 1 4 6 5 2 0 3
85.jpg,7 4 3 1 5 6 2 0 8
86.jpg,3 0 7 2 1 8 6 5 4
87.jpg,7 1 3 4 5 2 0 6 8
88.jpg,4 8 3 5 7 2 0 6 1
89.jpg,5 4 0 6 1 3 8 7 2
90.jpg,1 0 8 2 5 6 3 4 7
91.jpg,1 7 8 6 3 4 0 2 5
92.jpg,0 8 4 1 6 5 7 2 3
93.jpg,0 6 5 8 4 7 1 3 2
94.jpg,2 5 0 8 3 6 7 1 4
95.jpg,7 3 0 4 2 1 5 6 8
96.jpg,3 2 1 6 5 8 7 4 0
97.jpg,0 8 2 6 1 4 7 3 5
98.jpg,7 0 3 8 2 1 6 4 5
99.jpg,1 2 3 4 5 7 8 6 0
100.jpg,0 6 1 7 8 2 3 5 4
101.jpg,7 5 0 1 6 3 2 4 8
102.jpg,7 2 0 6 3 1 4 5 8
103.jpg,4 3 5 1 6 2 7 0 8
104.jpg,3 1 0 5 7 4 2 8 6
105.jpg,2 7 4 6 0 8 5 1 3
106.jpg,5 6 7 4 0 8 2 1 3
107.jpg,7 6 8 3 2 4 1 5 0
108.jpg,1 3 8 6 7 5 0 2 4
109.jpg,8 0 4 2 7 6 3 1 5
110.jpg,7 6 1 2 4 0 5 3 8
111.jpg,4 0 6 2 8 5 1 7 3
112.jpg,1 0 4 5 3 8 7 2 6
113.jpg,6 2 3 0 7 5 4 8 1
114.jpg,3 4 0 7 5 2 1 8 6
115.jpg,3 6 7 2 8 4 1 0 5
116.jpg,4 8 0 1 6 2 3 5 7
117.jpg,2 1 0 5 7 8 4 3 6
118.jpg,6 5 4 8 3 1 7 0 2
119.jpg,0 4 2 6 3 8 7 1 5
120.jpg,4 1 6 2 5 3 0 7 8
121.jpg,7 8 5 6 0 2 1 4 3
122.jpg,8 1 7 2 4 0 5 6 3
123.jpg,0 6 7 8 3 5 1 4 2
124.jpg,2 5 8 4 0 7 3 6 1
125.jpg,8 3 7 5 6 1 4 2 0
126.jpg,2 8 4 1 7 0 5 3 6
127.jpg,1 2 4 0 3 8 7 6 5
128.jpg,8 1 7 0 2 6 5 3 4
129.jpg,4 6 2 3 0 5 1 7 8
130.jpg,6 3 1 2 7 0 4 8 5
131.jpg,4 0 5 8 2 3 7 6 1
132.jpg,6 3 0 2 5 4 1 7 8
133.jpg,0 4 8 1 2 7 5 6 3
134.jpg,8 7 1 4 5 6 3 0 2
135.jpg,8 7 3 4 2 6 0 1 5
136.jpg,5 8 6 2 1 7 0 4 3
137.jpg,2 8 3 0 6 7 1 5 4
138.jpg,1 0 3 8 4 5 7 2 6
139.jpg,5 6 3 8 4 1 0 7 2
140.jpg,1 3 2 8 5 7 6 0 4
141.jpg,8 5 0 1 4 3 2 6 7
142.jpg,7 5 1 8 4 2 3 6 0
143.jpg,3 0 6 8 1 7 5 2 4
144.jpg,5 0 8 2 6 1 3 7 4
145.jpg,0 3 6 4 5 2 8 1 7
146.jpg,6 7 2 0 4 3 1 5 8
147.jpg,3 0 8 5 6 7 1 2 4
148.jpg,7 2 4 3 1 8 5 0 6
149.jpg,5 0 2 1 7 4 8 3 6
150.jpg,5 8 6 2 3 7 0 1 4
151.jpg,4 5 3 0 2 6 7 1 8
152.jpg,2 8 0 1 3 7 5 6 4
153.jpg,0 1 5 8 6 2 4 3 7
154.jpg,4 3 7 8 6 5 0 1 2
155.jpg,8 5 0 2 1 7 4 6 3
156.jpg,3 1 6 4 7 5 0 8 2
157.jpg,6 4 2 7 8 0 5 3 1
158.jpg,7 3 8 6 0 4 1 5 2
159.jpg,5 2 0 6 1 3 8 4 7
160.jpg,0 2 3 8 4 7 6 1 5
161.jpg,8 6 7 1 2 3 5 0 4
162.jpg,3 6 5 8 2 7 4 1 0
163.jpg,0 3 5 4 2 7 6 1 8
164.jpg,7 6 0 1 2 4 5 3 8
165.jpg,5 1 4 3 7 0 8 2 6
166.jpg,0 3 5 4 7 8 6 1 2
167.jpg,0 8 1 6 5 7 3 2 4
168.jpg,2 1 0 7 8 6 4 3 5
169.jpg,0 7 5 2 6 3 8 1 4
170.jpg,5 0 3 4 6 1 7 2 8
171.jpg,6 1 8 7 3 0 5 2 4
172.jpg,2 5 8 6 0 3 4 1 7
173.jpg,1 4 0 7 3 6 8 5 2
174.jpg,8 4 6 5 3 1 2 7 0
175.jpg,6 8 4 1 7 0 5 3 2
176.jpg,4 0 2 3 7 5 1 8 6
177.jpg,5 3 1 4 0 8 6 7 2
178.jpg,4 6 0 1 2 3 7 5 8
179.jpg,5 8 3 2 4 1 6 7 0
180.jpg,5 8 1 7 4 2 3 0 6
181.jpg,3 5 0 1 7 8 6 2 4
182.jpg,8 2 0 4 7 6 3 5 1
183.jpg,5 1 4 7 3 6 8 0 2
184.jpg,0 6 5 4 1 2 3 8 7
185.jpg,8 7 5 3 1 6 2 0 4
186.jpg,7 0 8 3 1 5 4 6 2
187.jpg,2 7 1 5 3 8 4 6 0
188.jpg,8 3 0 6 7 2 4 5 1
189.jpg,1 6 3 8 7 0 2 5 4
190.jpg,1 0 8 5 7 3 2 6 4
191.jpg,6 0 1 3 8 7 5 4 2
192.jpg,4 6 3 2 0 8 5 1 7
193.jpg,1 0 6 5 3 2 7 8 4
194.jpg,1 8 6 4 7 0 5 2 3
195.jpg,7 0 8 2 1 4 5 6 3
196.jpg,2 3 4 1 5 8 0 6 7
197.jpg,5 3 2 4 8 7 1 0 6
198.jpg,5 4 0 7 8 3 2 6 1
199.jpg,3 4 2 6 1 8 0 5 7
200.jpg,1 2 6 5 0 4 3 7 8
201.jpg,5 8 6 0 7 4 2 1 3
202.jpg,6 0 7 4 8 3 1 2 5
203.jpg,8 1 6 5 7 3 4 0 2
204.jpg,8 0 5 3 6 2 4 7 1
205.jpg,1 2 6 4 8 0 7 5 3
206.jpg,1 0 8 6 5 4 3 7 2
207.jpg,2 0 7 1 8 3 5 4 6
208.jpg,4 6 8 3 5 7 1 0 2
209.jpg,0 5 8 4 3 6 2 7 1
210.jpg,5 6 1 0 7 8 4 2 3
211.jpg,8 0 4 1 7 2 6 3 5
212.jpg,7 2 3 5 0 8 4 6 1
213.jpg,3 7 4 5 0 8 2 1 6
214.jpg,6 2 4 5 7 8 0 1 3
215.jpg,0 4 7 1 5 3 2 8 6
216.jpg,5 8 2 6 1 4 0 7 3
217.jpg,8 0 6 5 3 2 1 7 4
218.jpg,0 6 1 8 7 3 4 2 5
219.jpg,4 8 7 0 3 5 1 2 6
220.jpg,3 6 7 5 0 4 8 2 1
221.jpg,0 7 5 4 2 6 8 1 3
222.jpg,6 5 4 3 0 7 2 8 1
223.jpg,6 5 7 3 4 8 1 2 0
224.jpg,8 4 6 0 5 2 7 1 3
225.jpg,4 6 8 3 1 2 5 0 7
226.jpg,3 6 0 7 5 2 1 4 8
227.jpg,7 5 4 1 8 0 3 6 2
228.jpg,2 3 6 8 5 4 1 7 0
229.jpg,1 0 6 8 4 2 7 5 3
230.jpg,3 6 5 4 1 2 7 0 8
231.jpg,8 0 7 6 4 2 5 3 1
232.jpg,8 6 7 4 2 0 5 1 3
233.jpg,0 5 3 2 7 4 1 6 8
234.jpg,1 7 3 4 6 8 2 0 5
235.jpg,4 3 6 8 0 2 7 1 5
236.jpg,4 7 3 2 8 1 5 6 0
237.jpg,3 1 0 2 4 8 6 5 7
238.jpg,4 5 3 2 8 1 6 7 0
239.jpg,4 8 1 3 2 7 5 0 6
240.jpg,2 6 8 7 4 3 5 0 1
241.jpg,1 2 0 7 4 5 3 6 8
242.jpg,8 0 2 3 7 4 6 5 1
243.jpg,7 3 2 6 1 4 5 8 0
244.jpg,8 2 4 3 7 1 5 6 0
245.jpg,6 5 2 4 3 7 8 1 0
246.jpg,6 0 2 3 7 8 4 5 1
247.jpg,3 5 8 2 1 0 7 6 4
248.jpg,6 3 5 0 8 4 7 1 2
249.jpg,7 5 8 6 4 3 1 0 2
250.jpg,3 6 4 1 0 8 7 2 5
251.jpg,4 8 3 7 0 2 6 1 5
252.jpg,2 5 3 6 4 7 1 8 0
253.jpg,1 8 3 2 7 4 6 5 0
254.jpg,1 8 5 7 0 3 2 6 4
255.jpg,8 0 4 1 7 6 3 5 2
256.jpg,7 0 5 4 8 3 6 2 1
257.jpg,0 8 4 7 3 6 5 2 1
258.jpg,4 8 1 6 5 3 0 7 2
259.jpg,3 4 7 8 0 6 5 2 1
260.jpg,6 0 7 4 1 3 2 8 5
261.jpg,7 0 1 5 3 4 8 2 6
262.jpg,1 5 4 7 0 6 3 8 2
263.jpg,0 2 7 6 5 4 1 8 3
264.jpg,0 6 1 8 2 7 4 5 3
265.jpg,6 2 4 8 7 0 3 1 5
266.jpg,2 8 4 1 5 3 6 7 0
267.jpg,4 6 5 2 8 1 0 3 7
268.jpg,4 8 2 7 6 5 0 1 3
269.jpg,8 6 3 0 1 5 7 4 2
270.jpg,7 4 3 2 0 5 1 8 6
271.jpg,8 5 3 1 0 7 6 4 2
272.jpg,6 3 0 7 2 4 5 8 1
273.jpg,3 1 7 4 6 5 2 8 0
274.jpg,3 7 4 0 2 6 8 5 1
275.jpg,7 8 6 0 3 2 5 1 4
276.jpg,2 3 5 6 4 7 8 0 1
277.jpg,3 8 1 0 7 5 6 2 4
278.jpg,4 0 1 3 7 6 2 5 8
279.jpg,6 8 2 5 7 4 3 1 0
280.jpg,3 0 8 6 1 4 5 7 2
281.jpg,1 6 2 3 5 4 8 7 0
282.jpg,1 0 8 3 2 7 6 5 4
283.jpg,6 7 2 8 5 0 3 1 4
284.jpg,6 3 8 1 0 2 5 4 7
285.jpg,4 5 1 6 0 2 8 3 7
286.jpg,4 2 8 7 1 5 0 3 6
287.jpg,1 5 2 4 0 6 7 8 3
288.jpg,1 2 5 0 4 3 6 8 7
289.jpg,4 1 2 0 6 5 8 3 7
290.jpg,5 2 1 8 7 3 6 4 0
291.jpg,2 6 4 1 7 5 3 8 0
292.jpg,0 7 8 6 4 5 2 1 3
293.jpg,1 8 5 0 6 4 7 2 3
294.jpg,1 6 8 3 0 2 5 7 4
295.jpg,2 5 8 4 1 6 0 3 7
296.jpg,0 6 8 4 3 2 5 1 7
297.jpg,2 7 6 8 1 4 0 3 5
298.jpg,7 6 5 1 4 2 0 3 8
299.jpg,3 2 7 4 8 5 1 0 6
300.jpg,0 3 7 4 5 2 8 6 1
301.jpg,5 8 0 3 1 6 7 4 2
302.jpg,6 1 0 8 5 7 2 3 4
303.jpg,2 6 7 5 0 8 3 4 1
304.jpg,3 4 7 1 5 8 6 0 2
305.jpg,4 8 2 1 7 0 3 6 5
306.jpg,4 7 0 8 6 3 5 1 2
307.jpg,6 5 3 8 0 2 1 4 7
308.jpg,5 0 8 3 1 6 7 4 2
309.jpg,5 7 0 3 6 1 2 8 4
310.jpg,1 8 7 6 0 4 5 2 3
311.jpg,3 4 5 0 6 2 1 7 8
312.jpg,2 5 6 1 3 0 7 8 4
313.jpg,8 1 4 5 7 6 2 3 0
314.jpg,5 1 7 8 4 3 0 6 2
315.jpg,2 0 4 6 3 1 7 5 8
316.jpg,0 3 5 1 2 4 8 6 7
317.jpg,4 8 3 6 1 2 7 5 0
318.jpg,7 1 8 4 2 3 6 5 0
319.jpg,7 5 1 2 0 8 3 6 4
320.jpg,1 5 8 2 7 6 4 0 3
321.jpg,6 8 3 2 7 0 4 5 1
322.jpg,8 1 7 5 6 3 0 2 4
323.jpg,0 7 3 2 5 8 1 6 4
324.jpg,4 6 1 8 3 2 7 0 5
325.jpg,4 2 5 6 3 0 7 1 8
326.jpg,8 1 5 6 7 4 3 0 2
328.jpg,0 8 2 6 5 7 4 3 1
329.jpg,4 1 7 3 8 5 0 2 6
330.jpg,8 0 2 1 5 6 3 4 7
331.jpg,5 0 3 6 1 8 7 4 2
332.jpg,2 8 3 4 1 5 7 0 6
333.jpg,7 0 3 8 1 2 6 5 4
334.jpg,7 2 6 1 3 5 8 0 4
335.jpg,7 3 2 0 5 1 4 6 8
336.jpg,4 6 0 7 1 8 3 2 5
337.jpg,5 8 7 4 1 2 6 0 3
338.jpg,1 8 3 6 4 0 5 2 7
339.jpg,4 8 3 7 5 1 0 2 6
340.jpg,1 5 8 2 0 4 6 7 3
341.jpg,0 3 8 4 6 1 7 5 2
342.jpg,2 8 4 5 7 3 6 1 0
343.jpg,8 0 1 2 6 4 7 5 3
344.jpg,6 0 2 3 1 8 5 7 4
345.jpg,2 5 4 7 0 3 6 1 8
346.jpg,1 7 0 5 4 8 3 2 6
347.jpg,3 0 8 6 7 4 2 1 5
348.jpg,1 8 6 7 3 2 0 4 5
349.jpg,1 6 7 2 3 4 5 0 8
350.jpg,1 4 8 6 2 5 0 7 3
351.jpg,4 8 7 3 0 6 2 1 5
352.jpg,5 1 0 3 7 8 6 2 4
353.jpg,8 3 0 1 4 6 5 7 2
354.jpg,8 7 6 2 0 4 3 5 1
355.jpg,7 5 4 2 0 1 6 3 8
356.jpg,0 5 7 4 3 2 6 8 1
357.jpg,2 1 0 5 3 6 4 7 8
358.jpg,4 5 0 7 6 3 1 8 2
359.jpg,4 8 0 2 1 3 5 7 6
360.jpg,2 7 8 3 5 4 1 6 0
361.jpg,2 6 3 8 4 7 5 1 0
362.jpg,4 5 6 8 2 3 7 1 0
363.jpg,5 6 3 8 2 0 7 4 1
364.jpg,8 2 7 0 1 4 6 3 5
365.jpg,6 3 5 4 0 8 7 1 2
366.jpg,5 0 1 4 8 6 2 7 3
367.jpg,8 5 3 0 7 4 6 1 2
368.jpg,0 4 5 7 8 1 3 2 6
369.jpg,2 3 6 7 5 1 0 8 4
370.jpg,8 4 6 5 7 2 1 3 0
371.jpg,8 0 2 7 5 1 4 6 3
372.jpg,6 8 4 3 5 7 2 1 0
373.jpg,5 2 0 4 8 6 3 7 1
374.jpg,7 8 1 6 0 5 2 4 3
375.jpg,0 4 1 6 7 2 5 8 3
376.jpg,8 6 4 5 7 3 1 0 2
377.jpg,8 5 0 6 3 1 4 7 2
378.jpg,5 6 0 4 8 2 7 1 3
379.jpg,0 7 6 2 8 3 1 5 4
380.jpg,2 3 6 5 0 1 8 7 4
381.jpg,6 0 7 4 5 8 2 1 3
382.jpg,8 0 6 7 2 5 4 3 1
383.jpg,6 0 8 3 2 4 7 5 1
384.jpg,8 2 4 1 3 5 6 7 0
385.jpg,7 5 1 3 4 6 2 0 8
386.jpg,7 8 6 3 5 1 4 0 2
387.jpg,4 0 1 3 7 8 2 6 5
388.jpg,6 2 5 3 7 4 0 1 8
389.jpg,7 8 2 6 0 5 1 4 3
390.jpg,6 2 0 3 8 7 4 1 5
391.jpg,3 2 1 6 0 8 5 7 4
392.jpg,2 6 8 4 0 3 1 5 7
393.jpg,6 0 3 5 7 4 1 8 2
394.jpg,5 0 4 3 1 6 7 8 2
395.jpg,7 3 0 2 1 6 8 4 5
396.jpg,8 3 2 1 5 4 7 0 6
397.jpg,5 7 4 6 1 8 3 2 0
398.jpg,6 3 7 1 2 5 0 8 4
399.jpg,7 6 5 0 3 1 8 4 2
400.jpg,1 4 0 8 7 6 5 2 3
401.jpg,1 2 6 7 8 0 4 5 3
402.jpg,7 0 6 3 5 1 2 4 8
403.jpg,0 3 4 1 6 8 7 5 2
404.jpg,7 6 2 8 3 4 1 5 0
405.jpg,2 4 7 3 0 6 5 8 1
406.jpg,6 0 4 5 7 3 8 1 2
407.jpg,0 7 2 6 4 3 5 8 1
408.jpg,3 2 0 6 5 8 1 7 4
409.jpg,0 4 3 2 5 6 1 8 7
410.jpg,7 1 0 4 2 8 6 3 5
411.jpg,7 2 1 8 3 0 6 5 4
412.jpg,1 6 0 2 8 3 5 7 4
413.jpg,6 1 3 7 4 8 5 2 0
414.jpg,4 0 6 7 1 3 2 5 8
415.jpg,8 0 7 1 5 4 3 6 2
416.jpg,8 2 6 5 0 7 4 1 3
417.jpg,0 5 4 3 2 1 8 7 6
418.jpg,7 3 2 8 4 5 0 1 6
419.jpg,4 2 1 3 5 0 6 8 7
420.jpg,3 6 2 8 5 0 1 4 7
421.jpg,7 0 8 2 3 1 5 6 4
422.jpg,0 5 3 7 4 1 2 8 6
423.jpg,3 8 4 6 1 5 7 2 0
424.jpg,5 6 1 8 0 4 7 3 2
425.jpg,2 3 7 0 4 8 5 1 6
426.jpg,8 7 5 2 6 3 0 4 1
427.jpg,0 4 2 3 1 7 6 5 8
428.jpg,5 2 3 0 1 8 4 6 7
429.jpg,7 0 3 8 5 1 2 4 6
430.jpg,1 5 0 4 3 2 6 8 7
431.jpg,4 8 3 5 2 0 7 1 6
432.jpg,5 0 2 8 7 1 4 6 3
433.jpg,4 5 6 3 8 0 1 2 7
434.jpg,6 5 3 7 1 4 8 2 0
435.jpg,5 6 2 0 4 1 8 3 7
436.jpg,2 0 4 6 1 5 8 7 3
437.jpg,4 1 5 7 6 8 0 2 3
438.jpg,2 1 8 7 3 5 4 0 6
439.jpg,2 0 4 7 3 5 6 8 1
440.jpg,0 5 6 2 4 8 1 3 7
441.jpg,3 1 8 5 4 0 2 7 6
442.jpg,8 7 4 2 3 1 0 5 6
443.jpg,5 0 3 6 1 2 7 8 4
444.jpg,2 8 1 0 6 3 7 4 5
445.jpg,1 0 2 6 3 8 5 7 4
446.jpg,0 1 7 6 3 2 8 4 5
447.jpg,7 5 0 4 1 6 2 3 8
448.jpg,6 1 5 7 2 4 8 3 0
449.jpg,4 5 1 7 6 0 3 2 8
450.jpg,5 2 7 6 1 4 3 0 8
451.jpg,6 1 0 8 2 7 4 3 5
452.jpg,7 3 4 8 1 0 2 6 5
453.jpg,0 2 1 6 8 7 5 3 4
454.jpg,2 5 1 8 3 6 4 0 7
455.jpg,3 7 4 5 1 0 8 6 2
456.jpg,7 3 1 4 2 6 5 8 0
457.jpg,5 3 4 8 6 7 2 0 1
458.jpg,0 5 6 3 1 4 2 7 8
459.jpg,0 1 4 3 8 7 6 2 5
460.jpg,6 1 4 7 5 0 2 3 8
461.jpg,1 4 6 0 5 7 2 3 8
462.jpg,8 7 5 3 2 4 6 0 1
463.jpg,4 2 8 6 1 7 3 0 5
464.jpg,0 2 6 7 5 1 4 3 8
465.jpg,0 5 2 7 3 4 8 6 1
466.jpg,4 7 2 8 5 3 6 0 1
467.jpg,6 0 7 5 1 2 4 3 8
468.jpg,0 3 8 7 2 4 6 1 5
469.jpg,0 6 8 1 3 4 5 2 7
470.jpg,7 4 6 8 2 3 5 1 0
471.jpg,5 3 1 8 4 0 2 6 7
472.jpg,7 3 2 5 6 4 1 8 0
473.jpg,5 7 0 8 2 1 6 3 4
474.jpg,5 7 3 0 1 6 8 2 4
475.jpg,6 3 2 5 4 7 8 0 1
476.jpg,2 0 1 4 8 6 7 3 5
477.jpg,3 8 4 2 0 6 1 5 7
478.jpg,8 1 2 0 6 3 4 7 5
479.jpg,0 1 4 3 6 5 8 2 7
480.jpg,7 5 6 0 1 8 4 3 2
481.jpg,6 4 8 5 1 3 7 0 2
482.jpg,3 8 0 4 5 1 2 6 7
483.jpg,2 4 5 0 6 7 8 3 1
484.jpg,1 4 6 2 3 5 8 7 0
485.jpg,2 3 4 5 7 6 1 0 8
486.jpg,0 1 5 8 6 4 3 2 7
487.jpg,8 1 2 4 5 7 0 6 3
488.jpg,5 2 6 7 4 8 0 1 3
489.jpg,5 0 3 7 8 6 2 1 4
490.jpg,0 3 7 5 4 6 8 2 1
491.jpg,2 3 0 1 7 4 5 6 8
492.jpg,4 5 8 2 3 0 1 7 6
493.jpg,7 2 5 1 3 8 0 6 4
494.jpg,0 2 4 6 7 8 1 5 3
495.jpg,6 8 4 5 3 7 2 0 1
496.jpg,4 3 2 1 6 7 8 0 5
497.jpg,0 8 1 4 6 3 5 7 2
498.jpg,0 5 2 7 6 8 4 1 3
499.jpg,0 7 4 6 1 8 5 3 2
500.jpg,8 4 5 1 7 0 6 2 3
501.jpg,7 8 2 4 5 0 6 3 1
502.jpg,4 6 2 1 5 8 7 3 0
503.jpg,3 6 8 2 0 5 7 1 4
504.jpg,1 8 6 3 4 5 0 7 2
505.jpg,2 1 7 6 4 3 0 5 8
506.jpg,3 5 8 1 6 4 0 2 7
507.jpg,6 5 8 2 4 3 7 0 1
508.jpg,3 1 2 6 0 5 8 4 7
509.jpg,4 0 3 8 5 7 2 1 6
510.jpg,3 5 7 4 1 6 2 8 0
511.jpg,0 6 1 2 4 8 7 5 3
512.jpg,1 4 5 2 0 6 8 7 3
513.jpg,8 2 1 0 6 4 7 5 3
514.jpg,4 7 2 0 3 1 5 6 8
515.jpg,3 8 1 7 6 2 5 4 0
516.jpg,0 6 3 2 5 8 1 7 4
517.jpg,5 2 3 4 1 8 0 7 6
518.jpg,6 5 2 1 3 7 8 0 4
519.jpg,3 2 8 5 7 1 6 0 4
520.jpg,4 3 8 7 6 2 1 0 5
521.jpg,7 0 8 2 1 4 3 5 6
522.jpg,0 3 5 2 6 8 1 7 4
523.jpg,4 7 5 0 2 1 8 3 6
524.jpg,0 2 6 8 7 1 3 4 5
525.jpg,5 8 2 3 7 4 6 1 0
526.jpg,1 3 4 5 8 6 7 0 2
527.jpg,0 6 4 5 8 2 7 3 1
528.jpg,7 0 5 8 6 3 2 1 4
529.jpg,2 8 0 6 3 4 5 7 1
530.jpg,2 4 1 6 3 8 5 7 0
531.jpg,0 3 7 6 1 4 2 8 5
532.jpg,8 2 3 6 5 1 0 4 7
533.jpg,0 3 1 4 7 8 6 5 2
534.jpg,4 3 6 0 2 5 1 7 8
535.jpg,5 3 7 6 8 2 4 1 0
536.jpg,5 2 3 1 4 6 0 8 7
537.jpg,7 1 8 5 3 0 6 2 4
538.jpg,5 4 3 6 0 1 7 8 2
539.jpg,6 5 4 7 0 3 8 1 2
540.jpg,1 7 4 3 0 6 2 5 8
541.jpg,0 2 8 6 4 5 3 7 1
542.jpg,3 5 8 7 6 2 1 4 0
543.jpg,3 4 8 1 2 5 6 0 7
544.jpg,0 4 2 7 3 1 6 8 5
545.jpg,8 6 1 5 3 4 0 7 2
546.jpg,3 1 6 2 5 0 7 8 4
547.jpg,2 7 3 6 5 0 8 1 4
548.jpg,8 0 5 6 1 2 4 3 7
549.jpg,8 6 2 0 7 4 5 1 3
550.jpg,7 8 1 2 0 5 3 6 4
551.jpg,3 4 7 8 0 6 5 1 2
552.jpg,8 6 0 1 2 5 4 7 3
553.jpg,3 2 1 0 5 7 4 6 8
554.jpg,5 8 1 2 7 0 6 4 3
555.jpg,6 5 0 4 3 8 7 1 2
556.jpg,8 4 5 1 3 0 7 2 6
557.jpg,5 3 6 1 0 7 4 8 2
558.jpg,1 0 7 3 4 5 8 2 6
559.jpg,4 0 2 1 6 5 7 8 3
560.jpg,5 8 2 0 7 6 4 1 3
561.jpg,0 3 2 1 7 8 5 4 6
562.jpg,6 4 8 3 1 2 5 7 0
563.jpg,5 7 4 0 8 2 6 3 1
564.jpg,6 4 5 2 1 0 3 7 8
565.jpg,8 4 0 3 5 6 2 7 1
566.jpg,0 3 7 8 1 5 2 4 6
567.jpg,6 5 0 4 7 1 2 8 3
568.jpg,7 3 6 4 8 2 1 0 5
569.jpg,7 0 3 6 4 8 5 2 1
570.jpg,6 2 1 0 3 7 5 8 4
571.jpg,6 1 3 4 2 0 7 5 8
572.jpg,0 7 5 8 3 1 4 2 6
573.jpg,2 6 5 1 8 7 3 0 4
574.jpg,3 7 6 4 2 0 8 5 1
575.jpg,4 3 6 8 5 2 7 0 1
576.jpg,7 6 0 3 4 1 2 8 5
577.jpg,5 4 7 1 3 8 0 6 2
578.jpg,5 3 7 8 6 2 4 1 0
579.jpg,4 5 0 3 8 1 2 7 6
580.jpg,4 6 2 0 3 1 7 8 5
581.jpg,5 0 1 7 4 2 3 8 6
582.jpg,3 4 1 2 5 8 6 7 0
583.jpg,4 3 8 7 1 5 2 0 6
584.jpg,8 3 2 1 7 0 6 4 5
585.jpg,2 4 5 6 7 3 1 8 0
586.jpg,0 8 1 5 4 6 3 2 7
587.jpg,3 4 5 0 2 7 6 1 8
588.jpg,6 4 2 0 8 3 1 7 5
589.jpg,0 4 6 5 8 1 2 7 3
590.jpg,6 5 1 0 4 7 2 3 8
591.jpg,7 0 3 4 5 8 1 6 2
592.jpg,8 3 5 0 1 7 2 4 6
593.jpg,2 6 4 0 1 8 5 3 7
594.jpg,2 6 5 3 0 1 4 8 7
595.jpg,0 3 4 8 2 1 7 5 6
596.jpg,4 8 6 5 3 7 1 2 0
597.jpg,0 1 7 3 8 5 4 2 6
598.jpg,1 3 5 0 4 2 6 8 7
599.jpg,3 2 6 7 5 4 0 1 8
600.jpg,4 1 7 3 2 8 5 6 0
601.jpg,7 8 4 1 6 3 5 0 2
602.jpg,3 7 4 6 8 2 0 5 1
603.jpg,5 6 2 3 7 0 8 1 4
604.jpg,1 5 3 7 4 2 0 6 8
605.jpg,0 4 8 6 2 3 7 5 1
606.jpg,5 4 1 2 6 3 8 7 0
607.jpg,7 6 2 8 3 1 4 0 5
608.jpg,1 5 8 0 6 7 3 4 2
609.jpg,6 2 4 8 3 5 7 0 1
610.jpg,7 4 0 6 8 1 3 5 2
611.jpg,5 7 3 4 6 2 1 8 0
612.jpg,8 5 6 2 3 1 0 7 4
613.jpg,8 4 2 6 3 1 0 5 7
614.jpg,0 8 7 2 4 6 5 3 1
615.jpg,4 3 6 5 0 8 7 2 1
616.jpg,6 0 7 3 4 5 2 1 8
617.jpg,3 6 5 0 4 1 2 7 8
618.jpg,3 7 0 8 5 4 1 6 2
619.jpg,5 7 0 3 6 1 2 8 4
620.jpg,5 3 6 8 0 1 4 2 7
621.jpg,3 7 6 1 4 8 2 5 0
622.jpg,0 6 5 3 1 2 4 7 8
623.jpg,3 4 1 2 8 7 0 5 6
624.jpg,3 2 1 8 0 4 5 7 6
625.jpg,2 6 8 0 5 1 7 3 4
626.jpg,3 2 4 1 5 0 8 7 6
627.jpg,1 5 6 2 4 7 8 3 0
628.jpg,0 8 2 3 7 6 1 4 5
629.jpg,8 6 2 1 0 4 3 5 7
630.jpg,8 6 0 1 7 4 5 3 2
631.jpg,5 7 3 8 2 4 6 1 0
632.jpg,7 1 8 3 4 6 2 0 5
633.jpg,5 4 3 2 7 1 0 8 6
634.jpg,0 5 2 6 3 7 4 1 8
635.jpg,7 3 5 6 0 4 8 2 1
636.jpg,8 5 7 4 0 6 1 3 2
637.jpg,0 3 7 6 1 4 8 5 2
638.jpg,2 4 7 0 8 6 5 1 3
640.jpg,5 7 3 0 4 6 1 2 8
641.jpg,6 3 2 4 7 0 8 5 1
642.jpg,3 2 0 6 7 1 4 5 8
643.jpg,2 7 0 3 5 8 1 6 4
644.jpg,3 0 2 1 7 6 4 5 8
645.jpg,6 8 0 7 3 4 2 1 5
646.jpg,3 1 8 6 4 5 7 2 0
647.jpg,1 5 2 6 8 7 4 0 3
648.jpg,3 4 6 8 7 2 1 0 5
649.jpg,4 2 5 7 0 6 8 1 3
650.jpg,5 8 2 0 3 1 6 7 4
651.jpg,7 0 1 5 8 2 6 4 3
652.jpg,3 8 4 0 1 5 6 2 7
653.jpg,0 4 2 3 7 8 6 1 5
654.jpg,7 3 8 0 6 2 4 5 1
655.jpg,5 1 3 6 2 4 0 8 7
656.jpg,6 3 1 8 0 4 5 7 2
657.jpg,2 8 5 6 7 4 3 1 0
658.jpg,1 2 5 0 4 8 6 3 7
659.jpg,2 8 3 1 4 0 6 5 7
660.jpg,1 3 7 2 5 0 8 6 4
661.jpg,6 2 8 3 1 0 4 7 5
662.jpg,5 4 0 7 8 6 1 2 3
663.jpg,1 2 8 6 0 5 4 3 7
664.jpg,3 0 6 8 1 2 5 4 7
665.jpg,6 0 5 3 1 8 2 4 7
666.jpg,7 4 6 8 2 0 3 1 5
667.jpg,5 1 2 0 6 8 4 3 7
668.jpg,4 8 6 2 3 7 0 5 1
669.jpg,5 7 8 3 6 0 4 1 2
670.jpg,0 6 8 4 7 3 5 1 2
671.jpg,4 5 0 2 8 7 3 1 6
672.jpg,7 8 3 2 4 0 1 6 5
673.jpg,7 0 6 1 4 5 2 8 3
674.jpg,5 0 4 6 3 8 1 7 2
675.jpg,6 2 8 0 1 4 3 5 7
676.jpg,8 4 1 5 7 0 2 6 3
677.jpg,7 4 8 6 0 3 2 5 1
678.jpg,8 4 0 2 7 5 1 6 3
679.jpg,1 8 4 3 7 0 6 2 5
680.jpg,7 3 5 4 8 1 2 6 0
681.jpg,3 2 4 8 5 0 6 7 1
682.jpg,2 7 3 4 0 8 1 5 6
683.jpg,0 4 1 3 7 8 2 6 5
684.jpg,8 7 4 2 1 0 5 6 3
685.jpg,5 7 8 4 1 3 0 6 2
686.jpg,0 3 6 7 1 8 2 5 4
687.jpg,1 8 6 2 4 3 7 0 5
688.jpg,2 6 7 0 8 1 4 3 5
689.jpg,0 5 2 4 7 6 3 8 1
690.jpg,6 4 0 2 7 3 1 8 5
691.jpg,1 0 8 4 6 5 7 3 2
692.jpg,1 5 2 4 7 0 3 8 6
693.jpg,3 5 6 7 8 4 0 2 1
694.jpg,5 7 6 3 0 8 1 2 4
695.jpg,5 8 1 2 7 0 6 3 4
696.jpg,1 2 5 4 0 8 6 3 7
697.jpg,6 2 0 1 3 5 4 7 8
698.jpg,2 1 6 5 8 0 4 7 3
699.jpg,3 1 4 6 7 8 2 0 5
700.jpg,5 6 3 1 4 0 8 7 2
701.jpg,5 6 8 7 0 1 2 3 4
702.jpg,5 4 1 6 7 3 0 8 2
703.jpg,4 8 2 0 5 1 6 7 3
704.jpg,0 8 5 4 3 2 7 1 6
705.jpg,0 3 6 4 2 1 8 7 5
706.jpg,0 8 7 2 5 1 6 4 3
707.jpg,3 7 2 1 5 6 0 4 8
708.jpg,6 3 5 4 1 8 0 7 2
709.jpg,5 8 6 0 1 7 3 4 2
710.jpg,4 3 6 7 0 2 5 1 8
711.jpg,8 3 5 0 7 1 6 2 4
712.jpg,3 8 0 1 5 6 7 2 4
713.jpg,2 4 1 3 6 0 8 7 5
714.jpg,6 8 0 1 5 2 4 3 7
715.jpg,0 2 4 3 1 7 8 6 5
716.jpg,6 2 0 7 3 1 4 8 5
717.jpg,4 6 2 0 8 5 3 7 1
718.jpg,2 1 0 4 7 8 6 3 5
719.jpg,0 3 7 1 5 8 2 4 6
720.jpg,3 1 2 7 8 4 0 5 6
721.jpg,4 0 1 2 8 5 7 3 6
722.jpg,3 2 5 0 1 6 4 7 8
723.jpg,8 4 1 0 7 6 2 5 3
724.jpg,8 0 7 6 2 3 4 5 1
725.jpg,8 0 2 4 7 6 5 1 3
726.jpg,6 7 0 1 3 5 2 4 8
727.jpg,2 8 7 1 4 0 6 3 5
728.jpg,1 5 3 6 2 8 7 4 0
729.jpg,0 1 7 3 4 8 5 6 2
730.jpg,5 1 0 8 4 6 7 2 3
731.jpg,3 7 8 0 1 5 4 2 6
732.jpg,2 3 5 7 0 6 1 8 4
733.jpg,3 1 4 7 5 2 0 8 6
734.jpg,4 3 5 0 1 2 6 8 7
735.jpg,2 8 7 1 4 3 0 5 6
736.jpg,3 0 5 6 7 2 1 4 8
737.jpg,6 5 2 7 4 3 1 8 0
738.jpg,5 2 0 7 4 8 1 3 6
739.jpg,1 6 5 8 3 7 0 2 4
740.jpg,6 8 4 0 3 7 1 5 2
741.jpg,2 7 4 6 3 8 0 1 5
742.jpg,8 6 7 0 3 1 5 4 2
743.jpg,1 6 3 2 0 4 8 7 5
744.jpg,7 4 8 5 2 3 0 1 6
745.jpg,3 5 6 8 1 4 2 7 0
746.jpg,6 8 1 2 7 4 0 3 5
747.jpg,4 1 3 7 0 8 6 2 5
748.jpg,6 2 3 1 5 0 8 7 4
749.jpg,2 6 5 4 8 3 1 7 0
750.jpg,6 7 1 5 0 4 8 2 3
751.jpg,4 7 3 5 6 1 0 2 8
752.jpg,2 0 8 7 1 5 4 3 6
753.jpg,6 3 5 2 0 1 8 4 7
754.jpg,6 7 5 1 2 3 0 4 8
755.jpg,8 3 1 7 2 4 5 0 6
756.jpg,6 2 3 8 7 0 5 1 4
757.jpg,5 0 4 3 6 8 7 1 2
758.jpg,2 0 6 4 1 8 7 5 3
759.jpg,6 4 0 3 5 2 7 1 8
760.jpg,6 3 2 8 4 5 7 0 1
761.jpg,4 0 5 6 7 2 3 8 1
762.jpg,6 8 4 0 3 1 2 7 5
763.jpg,1 8 3 7 0 4 2 5 6
764.jpg,4 6 7 0 1 5 2 3 8
765.jpg,7 3 6 8 0 4 2 1 5
766.jpg,8 2 7 3 5 1 0 4 6
767.jpg,6 3 2 1 0 8 7 4 5
768.jpg,2 1 7 0 3 4 6 8 5
769.jpg,1 8 2 7 0 5 4 6 3
770.jpg,2 8 6 1 4 5 7 0 3
771.jpg,4 7 1 3 8 5 6 2 0
772.jpg,1 4 8 6 3 5 2 0 7
773.jpg,8 3 5 1 2 0 4 6 7
774.jpg,7 0 4 2 1 8 6 5 3
775.jpg,4 7 2 5 1 8 3 0 6
776.jpg,8 4 0 7 5 1 6 3 2
777.jpg,7 0 3 2 8 5 6 1 4
778.jpg,8 3 4 1 7 0 5 2 6
779.jpg,3 0 2 7 8 1 6 4 5
780.jpg,0 2 6 1 7 4 3 5 8
781.jpg,3 0 7 4 8 2 6 1 5
782.jpg,3 2 1 0 4 5 8 6 7
783.jpg,8 0 7 2 4 3 5 1 6
784.jpg,1 8 5 2 4 0 6 7 3
785.jpg,8 4 1 0 3 6 7 5 2
786.jpg,4 0 2 3 6 1 8 5 7
787.jpg,0 3 1 5 8 6 4 2 7
788.jpg,2 0 7 3 6 5 4 1 8
789.jpg,5 2 4 8 7 1 0 3 6
790.jpg,7 3 6 8 1 5 4 0 2
791.jpg,6 2 7 8 1 4 0 5 3
792.jpg,7 4 1 5 2 0 6 8 3
793.jpg,6 8 3 7 4 2 0 5 1
794.jpg,2 7 6 3 4 5 0 1 8
795.jpg,6 5 8 4 7 1 3 2 0
796.jpg,2 7 4 5 6 0 3 1 8
797.jpg,2 6 8 3 4 1 7 0 5
798.jpg,0 6 2 5 7 8 1 4 3
799.jpg,1 8 4 5 2 6 7 0 3
800.jpg,7 6 2 3 4 0 5 8 1
801.jpg,7 3 6 4 5 8 1 0 2
802.jpg,5 3 2 1 8 6 0 4 7
803.jpg,0 7 4 8 3 5 2 1 6
804.jpg,4 0 7 6 2 3 5 1 8
805.jpg,5 8 0 2 6 4 3 1 7
806.jpg,4 0 5 3 1 8 6 2 7
807.jpg,6 4 8 7 2 5 0 3 1
808.jpg,5 8 1 4 7 2 6 3 0
809.jpg,1 6 8 0 3 4 5 7 2
810.jpg,1 8 0 7 3 6 4 2 5
811.jpg,4 5 8 1 0 2 7 6 3
812.jpg,3 8 4 6 7 1 2 0 5
813.jpg,5 7 3 6 1 4 0 8 2
814.jpg,8 6 5 0 4 3 2 1 7
815.jpg,2 3 4 1 0 6 8 7 5
816.jpg,7 8 0 3 4 2 6 5 1
817.jpg,6 0 2 8 5 4 3 1 7
818.jpg,8 0 3 7 6 4 2 1 5
819.jpg,8 5 3 2 1 0 4 7 6
820.jpg,3 4 8 0 1 6 5 2 7
821.jpg,4 0 7 1 3 8 5 2 6
822.jpg,4 7 0 6 3 1 5 8 2
823.jpg,0 3 5 7 4 2 1 8 6
824.jpg,7 5 3 6 2 1 4 0 8
825.jpg,7 1 0 8 4 2 5 6 3
826.jpg,5 3 2 4 8 1 6 7 0
827.jpg,7 1 2 8 3 6 4 0 5
828.jpg,6 7 2 5 4 3 1 8 0
829.jpg,5 7 3 6 0 8 4 2 1
830.jpg,8 4 0 6 3 1 2 7 5
831.jpg,4 2 7 8 3 0 1 5 6
832.jpg,0 1 3 5 6 8 2 7 4
833.jpg,5 0 3 8 6 4 7 1 2
834.jpg,6 4 0 3 1 5 8 7 2
835.jpg,0 1 5 7 3 8 6 2 4
836.jpg,2 8 0 7 1 3 4 6 5
837.jpg,6 8 7 1 5 3 0 2 4
838.jpg,5 1 3 8 2 7 0 4 6
839.jpg,7 8 0 5 6 1 4 2 3
840.jpg,5 3 7 1 0 2 4 6 8
841.jpg,8 5 2 0 1 6 4 3 7
842.jpg,6 7 5 1 4 2 0 8 3
843.jpg,8 1 5 2 3 7 6 0 4
844.jpg,5 0 6 8 2 1 4 7 3
845.jpg,7 0 5 6 8 4 2 1 3
846.jpg,4 6 8 1 5 2 0 3 7
847.jpg,7 5 3 2 4 0 6 8 1
848.jpg,8 5 7 4 1 0 3 2 6
849.jpg,4 8 7 1 6 0 2 3 5
850.jpg,0 5 1 8 6 3 7 4 2
851.jpg,7 6 5 2 0 1 4 3 8
852.jpg,1 6 4 3 0 7 2 8 5
853.jpg,5 4 0 2 8 7 3 6 1
854.jpg,4 6 2 1 5 0 3 8 7
855.jpg,0 1 4 5 8 2 7 3 6
856.jpg,4 5 0 8 7 2 3 6 1
857.jpg,6 5 1 8 2 3 4 7 0
858.jpg,3 7 8 4 2 1 5 6 0
859.jpg,3 2 1 0 7 4 8 5 6
860.jpg,7 1 8 0 3 2 4 5 6
861.jpg,8 5 0 7 1 2 6 4 3
862.jpg,1 4 0 5 6 8 3 2 7
863.jpg,2 3 7 0 6 5 4 8 1
864.jpg,1 4 6 5 2 7 8 3 0
865.jpg,0 1 4 5 7 6 2 8 3
866.jpg,0 1 5 4 7 2 3 8 6
867.jpg,4 2 0 1 3 7 5 6 8
868.jpg,3 1 4 2 6 8 0 7 5
869.jpg,8 1 6 3 7 4 5 2 0
870.jpg,4 1 3 7 6 0 8 5 2
871.jpg,5 3 7 6 0 8 4 2 1
872.jpg,5 6 8 7 0 4 1 2 3
873.jpg,4 5 3 0 6 8 7 1 2
874.jpg,4 8 7 6 1 0 3 5 2
875.jpg,0 2 6 4 8 1 7 5 3
876.jpg,0 5 1 7 8 3 4 2 6
877.jpg,2 3 6 7 5 1 4 0 8
878.jpg,3 5 1 2 0 4 7 6 8
879.jpg,0 1 5 3 2 8 6 7 4
880.jpg,0 6 4 5 1 2 7 8 3
881.jpg,7 2 1 8 5 3 6 4 0
882.jpg,2 7 1 5 6 3 4 0 8
883.jpg,4 3 6 1 7 8 5 0 2
884.jpg,2 5 4 7 1 8 6 0 3
885.jpg,3 6 4 8 1 7 0 2 5
886.jpg,7 1 6 4 8 3 0 5 2
887.jpg,2 8 3 4 6 5 1 7 0
888.jpg,3 6 8 0 7 1 4 5 2
889.jpg,4 8 2 3 5 0 1 6 7
890.jpg,1 6 2 8 4 5 3 0 7
891.jpg,5 0 3 8 1 4 2 7 6
892.jpg,3 7 6 4 0 1 2 5 8
893.jpg,0 8 3 4 1 7 6 2 5
894.jpg,2 1 4 5 7 6 8 0 3
895.jpg,3 6 4 2 8 7 5 0 1
896.jpg,1 6 8 7 0 3 5 2 4
897.jpg,7 2 1 3 5 4 6 8 0
898.jpg,6 4 8 2 7 1 5 0 3
899.jpg,5 4 8 1 2 7 3 6 0
900.jpg,8 4 6 3 1 5 2 7 0
901.jpg,2 6 7 3 4 0 1 8 5
902.jpg,0 4 8 7 5 3 2 1 6
903.jpg,1 4 3 0 8 6 5 7 2
904.jpg,0 5 6 2 1 7 3 4 8
905.jpg,0 8 1 7 3 2 4 5 6
906.jpg,5 3 8 2 0 6 7 1 4
907.jpg,7 2 6 5 3 4 0 8 1
908.jpg,7 8 4 2 0 1 5 6 3
909.jpg,8 6 7 0 3 5 4 2 1
910.jpg,0 6 4 1 7 8 3 5 2
911.jpg,3 2 0 1 8 5 4 6 7
912.jpg,1 5 7 2 0 6 3 8 4
913.jpg,1 2 3 5 0 4 7 6 8
914.jpg,3 7 1 5 8 4 2 0 6
915.jpg,6 7 8 3 0 1 4 5 2
916.jpg,8 1 5 4 7 0 3 6 2
917.jpg,3 1 5 6 2 4 0 8 7
918.jpg,7 1 5 2 8 6 3 0 4
919.jpg,7 8 1 6 4 2 5 3 0
920.jpg,6 3 7 0 4 1 8 5 2
921.jpg,3 8 0 7 2 1 5 6 4
922.jpg,5 1 6 4 0 3 7 8 2
923.jpg,5 2 3 1 0 7 4 6 8
924.jpg,2 3 0 7 5 4 8 6 1
925.jpg,7 4 6 3 8 2 1 5 0
926.jpg,1 4 8 6 2 0 5 3 7
927.jpg,7 2 0 1 5 8 3 4 6
928.jpg,5 0 3 6 1 7 8 2 4
929.jpg,3 6 8 5 1 2 7 4 0
930.jpg,3 6 1 0 8 7 2 5 4
931.jpg,1 8 0 6 5 7 2 3 4
932.jpg,4 5 1 3 8 0 2 6 7
933.jpg,2 4 0 6 1 3 5 8 7
934.jpg,4 5 2 7 6 0 1 8 3
935.jpg,2 4 7 0 3 8 6 5 1
936.jpg,2 6 8 5 3 0 7 4 1
937.jpg,2 1 8 0 5 3 7 4 6
938.jpg,1 0 5 7 6 4 2 8 3
939.jpg,3 1 6 0 7 2 8 5 4
940.jpg,3 4 2 7 1 8 0 5 6
941.jpg,4 3 1 2 0 8 5 7 6
942.jpg,0 4 1 6 7 3 2 8 5
943.jpg,2 7 4 0 1 8 6 3 5
944.jpg,7 4 3 5 2 1 6 0 8
945.jpg,7 5 2 0 4 3 8 1 6
946.jpg,4 7 2 0 3 5 1 8 6
947.jpg,1 2 8 6 5 4 0 3 7
948.jpg,8 2 3 7 0 6 5 4 1
949.jpg,1 4 5 7 0 6 2 3 8
950.jpg,1 2 4 3 8 5 6 7 0
951.jpg,4 3 7 2 6 0 1 5 8
952.jpg,0 4 5 1 3 7 6 2 8
953.jpg,0 3 8 4 2 5 6 1 7
954.jpg,6 3 0 2 5 4 1 8 7
955.jpg,4 8 2 1 5 0 3 7 6
956.jpg,7 1 5 2 4 6 3 0 8
957.jpg,6 8 4 7 0 3 5 1 2
958.jpg,6 3 5 7 0 2 4 8 1
959.jpg,0 4 7 3 6 8 5 1 2
960.jpg,2 8 3 5 1 4 7 0 6
961.jpg,4 0 8 5 7 6 1 2 3
962.jpg,7 5 4 6 0 3 8 1 2
963.jpg,8 6 3 7 1 2 0 5 4
964.jpg,3 4 0 8 5 6 7 1 2
965.jpg,8 1 0 6 3 7 4 5 2
966.jpg,1 4 8 0 7 3 5 2 6
967.jpg,8 1 3 0 7 5 4 6 2
968.jpg,4 6 5 3 7 8 2 1 0
969.jpg,5 8 7 1 2 6 3 0 4
970.jpg,7 8 3 5 2 4 0 1 6
971.jpg,4 8 0 3 7 5 1 6 2
972.jpg,3 4 8 0 5 1 6 7 2
973.jpg,5 6 4 3 2 8 7 0 1
974.jpg,2 8 4 3 5 0 7 6 1
975.jpg,8 3 4 5 7 1 6 2 0
976.jpg,8 5 4 7 2 1 6 0 3
977.jpg,6 8 5 0 4 7 3 2 1
978.jpg,6 0 5 4 8 3 2 1 7
979.jpg,8 1 0 5 6 3 2 4 7
980.jpg,6 7 2 5 4 3 8 0 1
981.jpg,8 2 6 7 5 1 3 0 4
982.jpg,4 5 7 3 1 0 8 2 6
983.jpg,1 4 6 7 5 0 2 3 8
984.jpg,2 3 5 8 0 7 4 6 1
985.jpg,4 0 7 8 1 5 3 6 2
986.jpg,0 7 8 5 1 2 3 4 6
987.jpg,7 1 8 6 0 2 5 4 3
988.jpg,4 0 1 2 7 5 6 8 3
989.jpg,3 5 2 6 7 4 1 8 0
990.jpg,1 4 7 3 6 5 2 8 0
991.jpg,4 2 1 3 6 0 7 5 8
992.jpg,5 1 3 7 4 6 2 8 0
993.jpg,7 6 5 0 3 8 1 2 4
994.jpg,7 3 4 8 2 1 5 0 6
995.jpg,3 8 4 7 0 2 5 1 6
996.jpg,8 3 6 0 1 4 2 5 7
997.jpg,1 5 4 2 8 7 0 6 3
998.jpg,6 8 1 0 3 4 7 2 5
999.jpg,7 5 2 4 6 0 8 3 1
1000.jpg,3 5 2 8 4 0 6 1 7
1001.jpg,0 1 2 6 7 4 8 3 5
1002.jpg,0 5 2 3 1 4 8 6 7
1003.jpg,1 4 7 0 6 5 2 3 8
1004.jpg,6 2 3 4 7 8 0 5 1
1005.jpg,5 7 1 6 8 4 0 3 2
1006.jpg,6 5 3 4 0 2 7 1 8
1007.jpg,0 4 5 7 8 2 6 3 1
1008.jpg,6 8 3 2 1 0 4 5 7
1009.jpg,3 5 0 6 4 8 2 1 7
1010.jpg,5 0 7 8 2 1 4 6 3
1011.jpg,3 4 0 5 6 1 8 2 7
1012.jpg,0 7 6 1 2 4 3 5 8
1013.jpg,7 1 4 3 2 6 5 8 0
1014.jpg,5 4 2 8 7 0 6 3 1
1015.jpg,6 8 1 2 3 4 7 5 0
1016.jpg,6 5 2 8 1 4 0 7 3
1017.jpg,5 3 2 0 7 8 6 4 1
1018.jpg,3 4 2 5 6 8 7 0 1
1019.jpg,5 3 7 1 8 4 2 6 0
1020.jpg,7 0 6 8 5 2 1 3 4
1021.jpg,4 6 2 5 8 3 0 7 1
1022.jpg,7 0 3 8 4 1 6 2 5
1023.jpg,7 1 0 8 2 4 6 5 3
1024.jpg,5 2 1 4 8 7 3 6 0
1025.jpg,0 5 7 2 6 8 3 4 1
1026.jpg,2 8 5 6 3 4 0 7 1
1027.jpg,1 6 2 8 0 4 5 3 7
1028.jpg,8 7 6 2 5 0 4 1 3
1029.jpg,7 1 5 3 6 0 2 4 8
1030.jpg,7 0 4 8 6 1 5 3 2
1031.jpg,2 0 3 8 4 5 1 7 6
1032.jpg,1 7 2 6 4 0 3 5 8
1033.jpg,2 4 6 3 0 5 1 7 8
1034.jpg,1 6 2 0 7 3 4 5 8
1035.jpg,0 7 3 5 2 4 8 6 1
1036.jpg,3 4 0 2 5 8 6 7 1
1037.jpg,7 8 2 5 3 6 4 0 1
1038.jpg,0 6 2 3 7 5 4 1 8
1039.jpg,4 6 3 7 8 1 2 5 0
1040.jpg,2 7 0 5 8 3 6 4 1
1041.jpg,6 3 8 4 2 1 0 5 7
1042.jpg,2 3 1 5 8 0 6 4 7
1043.jpg,2 0 6 1 4 5 7 3 8
1044.jpg,7 2 1 3 4 8 5 6 0
1045.jpg,6 5 7 0 3 4 1 8 2
1046.jpg,1 2 5 3 0 8 4 7 6
1047.jpg,6 7 5 1 0 2 8 3 4
1048.jpg,1 5 6 3 2 8 7 0 4
1049.jpg,3 4 7 1 8 6 5 2 0
1050.jpg,2 0 6 8 7 5 1 4 3
1051.jpg,3 6 7 5 4 0 1 8 2
1052.jpg,1 5 0 4 8 6 7 3 2
1053.jpg,0 1 6 5 3 4 8 2 7
1054.jpg,4 6 0 7 1 5 3 8 2
1055.jpg,7 2 6 5 3 4 1 0 8
1056.jpg,0 2 7 5 1 4 6 3 8
1057.jpg,0 8 2 1 3 6 4 7 5
1058.jpg,0 6 8 7 3 4 5 1 2
1059.jpg,4 2 6 5 0 7 1 3 8
1060.jpg,4 7 5 2 3 6 8 1 0
1061.jpg,2 8 5 6 7 3 4 0 1
1062.jpg,4 5 6 3 8 7 1 2 0
1063.jpg,1 8 6 7 3 5 4 2 0
1064.jpg,3 7 4 2 1 6 8 0 5
1065.jpg,3 8 4 1 7 0 2 6 5
1066.jpg,0 8 3 6 4 5 2 7 1
1067.jpg,0 3 8 4 5 7 2 1 6
1068.jpg,7 3 2 0 1 5 8 6 4
1069.jpg,1 2 0 8 6 5 7 3 4
1070.jpg,8 6 0 7 3 5 4 2 1
1071.jpg,8 2 7 5 0 1 6 4 3
1072.jpg,5 4 8 7 1 3 6 2 0
1073.jpg,1 4 8 0 7 5 2 3 6
1074.jpg,2 6 4 5 3 1 0 8 7
1075.jpg,1 5 4 3 7 6 8 2 0
1076.jpg,4 7 0 3 1 6 5 2 8
1077.jpg,6 3 2 8 5 1 0 7 4
1078.jpg,4 1 3 5 6 8 7 2 0
1079.jpg,5 0 1 8 7 4 6 2 3
1080.jpg,8 6 2 7 1 3 0 5 4
1081.jpg,4 6 3 8 1 7 0 5 2
1082.jpg,2 1 7 8 4 0 3 5 6
1083.jpg,6 8 5 3 2 0 1 7 4
1084.jpg,4 0 1 2 8 6 7 5 3
1085.jpg,5 7 0 4 1 3 8 2 6
1086.jpg,8 3 4 2 7 5 0 6 1
1087.jpg,2 5 3 7 6 0 1 8 4
1088.jpg,5 4 2 3 0 8 1 6 7
1089.jpg,3 4 5 7 1 8 0 2 6
1090.jpg,8 3 4 7 1 2 6 5 0
1091.jpg,0 5 1 3 8 7 6 4 2
1092.jpg,7 5 0 1 8 4 3 2 6
1093.jpg,7 2 8 3 1 6 4 5 0
1094.jpg,7 0 6 5 3 4 2 8 1
1095.jpg,2 7 3 6 1 5 8 0 4
1096.jpg,4 5 0 8 1 2 7 6 3
1097.jpg,0 3 1 8 5 2 6 7 4
1098.jpg,3 6 8 2 0 1 4 5 7
1099.jpg,2 7 0 5 6 1 3 8 4
1100.jpg,0 7 5 6 4 2 1 3 8
1101.jpg,7 6 8 3 2 4 0 5 1
1102.jpg,8 7 0 6 3 5 1 2 4
1103.jpg,6 7 3 2 4 5 0 8 1
1104.jpg,2 1 6 4 7 8 5 3 0
1105.jpg,5 2 7 3 1 4 8 6 0
1106.jpg,0 7 3 8 6 4 1 5 2
1107.jpg,7 6 1 3 0 2 4 5 8
1108.jpg,5 3 6 2 1 4 8 7 0
1109.jpg,0 2 5 8 3 4 1 7 6
1110.jpg,6 0 3 5 4 7 8 1 2
1111.jpg,7 3 5 4 6 1 0 8 2
1112.jpg,3 2 8 4 1 6 0 7 5
1113.jpg,5 7 0 3 6 8 2 1 4
1114.jpg,5 2 3 8 7 4 6 1 0
1115.jpg,5 3 4 6 1 0 8 7 2
1116.jpg,4 3 0 8 1 5 6 2 7
1117.jpg,3 1 6 8 5 4 2 7 0
1118.jpg,0 6 8 2 4 5 7 3 1
1119.jpg,5 2 3 1 7 8 6 0 4
1120.jpg,3 7 5 0 6 4 8 2 1
1121.jpg,1 4 6 3 0 8 2 5 7
1122.jpg,1 6 8 4 2 7 5 0 3
1123.jpg,7 6 5 1 3 8 0 4 2
1124.jpg,6 5 4 0 1 7 3 2 8
1125.jpg,4 2 5 7 1 0 6 8 3
1126.jpg,2 1 7 0 3 8 4 5 6
1127.jpg,8 1 7 4 0 2 6 5 3
1128.jpg,7 3 0 6 4 1 2 8 5
1129.jpg,2 6 3 7 1 8 0 5 4
1130.jpg,4 5 8 6 0 2 1 7 3
1131.jpg,7 5 2 4 6 3 0 8 1
1132.jpg,1 0 6 7 8 2 5 4 3
1133.jpg,1 5 7 2 4 6 0 3 8
1134.jpg,4 7 8 0 5 1 6 2 3
1135.jpg,8 6 5 0 1 3 4 7 2
1136.jpg,3 8 5 6 2 7 4 1 0
1137.jpg,5 2 0 4 1 8 7 3 6
1138.jpg,3 5 2 6 0 8 7 4 1
1139.jpg,3 4 0 7 2 6 1 8 5
1140.jpg,8 6 4 3 2 5 0 1 7
1141.jpg,7 6 2 0 4 1 5 3 8
1142.jpg,8 3 6 0 1 2 5 4 7
1143.jpg,6 0 2 4 5 8 7 3 1
1144.jpg,2 7 0 4 3 6 1 8 5
1145.jpg,4 3 7 5 6 8 1 0 2
1146.jpg,3 2 1 7 6 8 5 0 4
1147.jpg,0 8 7 1 5 4 6 2 3
1148.jpg,8 2 3 1 6 0 5 4 7
1149.jpg,6 2 5 0 4 7 3 8 1
1150.jpg,2 6 5 0 7 3 1 8 4
1151.jpg,1 2 5 7 8 0 3 6 4
1152.jpg,7 8 6 3 0 4 2 5 1
1153.jpg,3 0 2 4 1 6 7 5 8
1154.jpg,7 1 3 6 5 4 2 8 0
1155.jpg,2 5 7 6 3 0 8 1 4
1156.jpg,6 2 1 8 5 3 0 4 7
1157.jpg,0 7 6 2 3 8 1 5 4
1158.jpg,7 3 4 6 8 5 2 0 1
1159.jpg,5 0 4 2 1 7 8 3 6
1160.jpg,2 5 3 1 7 0 4 6 8
1161.jpg,4 1 7 6 8 5 2 0 3
1162.jpg,5 7 8 3 4 1 0 2 6
1163.jpg,0 3 5 4 7 6 1 2 8
1164.jpg,1 0 8 2 6 7 5 4 3
1165.jpg,0 2 5 8 1 3 6 7 4
1166.jpg,6 5 1 2 3 4 7 0 8
1167.jpg,0 1 2 7 3 6 5 4 8
1168.jpg,8 2 1 3 6 7 4 0 5
1169.jpg,4 1 3 7 5 8 0 2 6
1170.jpg,7 0 8 3 5 2 4 1 6
1171.jpg,2 0 4 7 6 5 1 3 8
1172.jpg,6 3 0 8 5 7 4 1 2
1173.jpg,6 4 7 0 1 5 3 8 2
1174.jpg,5 0 4 3 6 7 2 8 1
1175.jpg,4 0 7 8 1 6 3 5 2
1176.jpg,8 0 5 6 7 2 3 1 4
1177.jpg,6 7 0 4 1 8 5 2 3
1178.jpg,6 3 8 5 7 4 1 2 0
1179.jpg,1 3 2 7 6 0 8 5 4
1180.jpg,2 8 4 3 6 7 0 5 1
1181.jpg,2 4 1 8 0 7 3 5 6
1182.jpg,5 3 0 7 1 4 2 6 8
1183.jpg,8 3 2 5 0 1 6 4 7
1184.jpg,2 7 0 8 3 4 1 6 5
1185.jpg,7 2 1 0 3 5 8 4 6
1186.jpg,7 1 5 3 4 0 6 8 2
1187.jpg,2 8 3 0 7 4 6 5 1
1188.jpg,0 4 3 7 1 2 5 8 6
1189.jpg,2 7 8 6 4 1 3 0 5
1190.jpg,1 2 4 6 5 0 7 3 8
1191.jpg,4 1 6 7 8 2 0 5 3
1192.jpg,0 3 1 4 8 2 7 6 5
1193.jpg,4 3 6 1 7 8 5 2 0
1194.jpg,1 6 2 4 7 3 5 0 8
1195.jpg,2 4 0 5 1 7 3 6 8
1196.jpg,5 7 8 4 2 1 0 6 3
1197.jpg,7 5 3 2 6 4 0 8 1
1198.jpg,1 4 2 6 7 8 0 5 3
1199.jpg,6 7 3 8 0 2 5 1 4
1200.jpg,5 2 6 8 1 3 0 7 4
1201.jpg,4 5 1 0 3 7 6 2 8
1202.jpg,7 1 3 2 4 8 0 5 6
1203.jpg,7 5 4 2 1 0 6 3 8
1204.jpg,5 7 3 2 4 0 6 1 8
1205.jpg,1 2 6 4 5 8 7 0 3
1206.jpg,4 7 2 3 8 5 1 6 0
1207.jpg,4 2 8 1 0 7 3 6 5
1208.jpg,7 5 1 2 8 0 4 6 3
1209.jpg,2 6 7 4 5 1 3 0 8
1210.jpg,1 6 7 8 2 5 0 4 3
1211.jpg,7 5 3 8 4 6 2 0 1
1212.jpg,7 1 3 4 5 8 6 2 0
1213.jpg,0 7 3 4 6 2 5 8 1
1214.jpg,5 2 7 8 0 1 6 3 4
1215.jpg,2 8 0 3 5 4 1 7 6
1216.jpg,4 2 8 3 0 5 6 7 1
1217.jpg,0 5 3 8 2 4 6 7 1
1218.jpg,0 8 5 6 2 3 4 7 1
1219.jpg,1 8 7 3 0 4 2 5 6
1220.jpg,2 3 8 7 0 6 1 4 5
1221.jpg,5 0 7 2 3 4 8 1 6
1222.jpg,6 1 8 5 0 4 3 7 2
1223.jpg,1 6 7 4 8 3 0 5 2
1224.jpg,6 2 5 8 7 3 4 0 1
1225.jpg,0 5 3 7 2 8 1 6 4
1226.jpg,7 4 8 5 1 0 6 3 2
1227.jpg,1 5 0 2 6 7 3 4 8
1228.jpg,2 4 5 3 7 1 6 0 8
1229.jpg,6 3 5 0 8 4 1 2 7
1230.jpg,6 3 8 2 7 1 5 4 0
1231.jpg,8 2 3 0 7 6 5 4 1
1232.jpg,0 8 2 6 5 7 1 3 4
1233.jpg,4 3 2 7 0 5 1 6 8
1234.jpg,6 7 5 0 1 8 4 3 2
1235.jpg,1 5 7 0 6 2 8 3 4
1236.jpg,8 0 7 6 3 5 2 4 1
1237.jpg,0 7 3 4 8 5 6 1 2
1238.jpg,5 4 8 6 7 1 0 3 2
1239.jpg,0 6 8 3 2 4 5 1 7
1240.jpg,7 5 2 0 1 6 4 3 8
1241.jpg,4 6 1 7 0 8 3 2 5
1242.jpg,1 2 5 4 0 6 3 7 8
1243.jpg,0 5 6 7 4 3 8 1 2
1244.jpg,1 6 3 4 0 7 2 5 8
1245.jpg,2 6 5 7 0 3 8 1 4
1246.jpg,5 8 1 4 6 2 3 0 7
1247.jpg,4 0 5 6 2 7 1 8 3
1248.jpg,1 3 2 4 6 8 5 7 0
1249.jpg,1 3 7 8 0 4 5 6 2
1250.jpg,6 4 2 7 5 0 3 1 8
1251.jpg,1 7 3 4 2 6 5 8 0
1252.jpg,1 4 3 2 7 6 5 0 8
1253.jpg,1 7 2 0 4 6 3 8 5
1254.jpg,5 3 2 6 1 4 7 8 0
1255.jpg,1 6 2 5 7 0 8 3 4
1256.jpg,6 3 4 1 2 0 5 7 8
1257.jpg,2 6 8 3 4 7 5 1 0
1258.jpg,2 0 6 3 8 5 4 1 7
1259.jpg,6 8 1 5 7 0 4 3 2
1260.jpg,7 2 8 1 6 3 5 0 4
1261.jpg,5 3 6 7 0 2 4 8 1
1262.jpg,2 3 0 4 5 7 1 8 6
1263.jpg,7 0 8 6 4 5 3 1 2
1264.jpg,6 3 5 4 0 8 2 7 1
1265.jpg,0 3 7 6 5 8 4 2 1
1266.jpg,8 3 4 7 6 5 2 0 1
1267.jpg,1 6 7 4 3 0 5 2 8
1268.jpg,0 8 6 5 7 4 2 1 3
1269.jpg,6 8 1 2 4 7 0 5 3
1270.jpg,2 0 4 5 3 1 6 8 7
1271.jpg,1 4 3 0 7 5 6 2 8
1272.jpg,0 7 1 3 5 8 4 6 2
1273.jpg,7 0 3 2 5 6 1 8 4
1274.jpg,5 3 0 4 1 8 6 7 2
1275.jpg,5 8 2 1 6 0 7 3 4
1276.jpg,8 0 1 2 3 7 5 6 4
1277.jpg,5 7 6 4 1 0 3 2 8
1278.jpg,3 8 7 6 5 2 4 0 1
1279.jpg,2 7 3 5 0 4 6 1 8
1280.jpg,3 7 2 4 0 5 8 1 6
1281.jpg,1 0 8 4 5 7 6 3 2
1282.jpg,8 2 1 5 3 0 4 7 6
1283.jpg,5 6 7 4 3 8 0 1 2
1284.jpg,4 6 5 2 3 7 1 0 8
1285.jpg,7 0 4 3 6 5 1 2 8
1286.jpg,8 7 5 1 2 4 0 3 6
1287.jpg,1 6 4 3 2 8 7 5 0
1288.jpg,8 0 5 3 4 1 7 2 6
1289.jpg,0 7 5 6 4 2 1 3 8
1290.jpg,2 5 7 4 0 1 6 8 3
1291.jpg,0 8 2 5 1 7 6 4 3
1292.jpg,4 8 3 1 2 0 7 5 6
1293.jpg,6 4 8 3 0 1 7 5 2
1294.jpg,6 7 8 0 3 2 5 1 4
1295.jpg,0 8 6 7 1 5 2 4 3
1296.jpg,4 5 2 3 1 0 8 7 6
1297.jpg,3 6 5 8 4 2 7 1 0
1298.jpg,4 7 3 6 1 0 5 8 2
1299.jpg,7 4 0 3 5 8 1 6 2
1300.jpg,8 3 4 1 5 0 6 2 7
1301.jpg,0 6 2 7 1 8 3 5 4
1302.jpg,5 6 2 0 4 7 3 8 1
1303.jpg,8 5 6 4 2 0 1 7 3
1304.jpg,2 3 8 6 7 1 5 4 0
1305.jpg,5 2 6 4 0 8 1 7 3
1306.jpg,7 1 2 4 8 3 5 0 6
1307.jpg,4 0 6 5 8 1 7 3 2
1308.jpg,8 7 6 3 4 5 0 1 2
1309.jpg,2 4 3 6 5 7 1 8 0
1310.jpg,7 8 6 1 2 3 4 5 0
1311.jpg,7 6 5 1 3 2 8 0 4
1312.jpg,8 4 3 0 1 2 6 5 7
1313.jpg,5 3 6 8 7 4 1 2 0
1314.jpg,3 0 7 6 4 1 8 5 2
1315.jpg,4 3 1 2 7 8 5 6 0
1316.jpg,3 1 5 0 6 4 7 2 8
1317.jpg,8 7 2 3 4 0 1 5 6
1318.jpg,1 3 2 5 4 6 7 0 8
1319.jpg,3 0 8 7 5 1 4 6 2
1320.jpg,8 0 2 4 5 1 6 7 3
1321.jpg,2 6 7 5 0 4 3 1 8
1322.jpg,3 2 8 1 4 7 0 6 5
1323.jpg,2 8 0 5 7 3 1 4 6
1324.jpg,6 8 4 3 5 2 0 7 1
1325.jpg,0 5 3 2 7 8 4 6 1
1326.jpg,2 1 5 7 0 8 3 6 4
1327.jpg,6 5 7 8 1 4 2 0 3
1328.jpg,4 6 3 5 0 8 1 2 7
1329.jpg,3 4 2 0 6 8 5 7 1
1330.jpg,0 4 1 3 2 8 5 7 6
1331.jpg,6 2 4 3 8 5 7 1 0
1332.jpg,4 5 0 3 6 1 2 7 8
1333.jpg,8 1 2 5 0 7 4 3 6
1334.jpg,7 3 4 0 6 5 8 2 1
1335.jpg,0 4 1 3 8 6 7 2 5
1336.jpg,2 4 1 0 5 8 7 3 6
1337.jpg,3 1 0 6 2 7 5 4 8
1338.jpg,7 0 4 2 1 8 5 3 6
1339.jpg,5 4 1 7 6 0 8 3 2
1340.jpg,5 4 0 2 1 7 6 8 3
1341.jpg,6 0 3 5 2 8 7 4 1
1342.jpg,1 6 8 7 0 5 2 3 4
1343.jpg,5 8 1 3 4 0 2 6 7
1344.jpg,6 8 4 5 3 0 7 1 2
1345.jpg,3 2 0 7 6 4 5 8 1
1346.jpg,8 3 0 5 4 2 7 6 1
1347.jpg,6 3 0 4 7 5 2 1 8
1348.jpg,2 7 5 4 3 8 0 1 6
1349.jpg,7 3 6 1 4 0 2 8 5
1350.jpg,2 3 1 8 0 6 7 4 5
1351.jpg,6 2 1 7 5 8 3 0 4
1352.jpg,6 1 4 2 7 0 8 3 5
1353.jpg,4 6 2 8 3 7 0 5 1
1354.jpg,6 4 1 0 8 3 2 7 5
1355.jpg,0 2 3 4 6 8 7 5 1
1356.jpg,5 6 1 3 7 8 0 2 4
1357.jpg,2 3 1 5 6 8 4 0 7
1358.jpg,2 8 3 0 5 7 4 1 6
1359.jpg,3 8 7 1 2 4 0 6 5
1360.jpg,0 1 8 6 7 2 3 5 4
1361.jpg,2 0 1 5 6 7 3 4 8
1362.jpg,7 0 5 4 2 6 3 8 1
1363.jpg,8 2 7 5 3 0 1 4 6
1364.jpg,8 5 2 7 1 4 0 3 6
1365.jpg,0 2 3 8 6 5 7 1 4
1366.jpg,1 3 2 5 4 8 0 6 7
1367.jpg,5 8 6 2 4 3 7 0 1
1368.jpg,5 8 4 0 3 2 6 1 7
1369.jpg,6 7 1 8 2 0 3 5 4
1370.jpg,4 2 0 8 7 1 5 3 6
1371.jpg,3 1 0 8 5 2 6 7 4
1372.jpg,1 5 0 2 6 8 3 7 4
1373.jpg,0 7 3 2 6 8 5 4 1
1374.jpg,8 1 4 2 0 7 3 6 5
1375.jpg,7 2 1 0 4 3 8 5 6
1376.jpg,7 8 6 1 4 3 5 0 2
1377.jpg,4 1 3 6 2 7 8 5 0
1378.jpg,3 2 6 5 1 4 0 7 8
1379.jpg,5 6 2 7 4 3 0 8 1
1380.jpg,4 3 7 1 6 5 8 0 2
1381.jpg,2 0 5 8 7 3 6 1 4
1382.jpg,5 8 4 1 2 7 3 6 0
1383.jpg,2 6 4 3 1 0 7 5 8
1384.jpg,4 2 8 1 3 6 5 0 7
1385.jpg,0 6 8 1 4 3 7 2 5
1386.jpg,6 3 4 0 2 5 7 1 8
1387.jpg,5 8 0 7 3 2 4 6 1
1388.jpg,3 5 6 2 0 7 4 8 1
1389.jpg,1 3 6 0 8 5 4 2 7
1390.jpg,6 0 1 2 3 7 4 5 8
1391.jpg,0 8 4 1 5 2 7 3 6
1392.jpg,2 7 8 4 1 6 5 3 0
1393.jpg,8 2 7 4 1 5 3 0 6
1394.jpg,2 0 4 1 3 5 7 8 6
1395.jpg,0 3 2 7 1 5 6 4 8
1396.jpg,8 1 3 2 0 4 6 7 5
1397.jpg,6 5 1 0 7 2 3 8 4
1398.jpg,1 5 8 4 7 3 2 6 0
1399.jpg,5 8 0 3 7 2 6 4 1
1400.jpg,3 1 6 5 7 2 4 8 0
1401.jpg,3 2 1 5 6 8 0 4 7
1402.jpg,7 6 3 5 0 1 4 2 8
1403.jpg,0 2 5 1 8 7 6 3 4
1404.jpg,3 2 6 4 0 8 1 5 7
1405.jpg,7 4 5 1 3 0 6 8 2
1406.jpg,2 8 3 1 6 0 5 7 4
1407.jpg,2 4 8 7 6 5 3 1 0
1408.jpg,3 8 7 1 0 6 4 2 5
1409.jpg,5 1 7 0 3 2 4 6 8
1410.jpg,8 5 2 4 7 1 0 6 3
1411.jpg,5 6 8 0 7 3 1 4 2
1412.jpg,6 1 4 3 0 2 7 5 8
1413.jpg,0 5 3 1 4 8 7 6 2
1414.jpg,0 5 8 6 4 3 2 1 7
1415.jpg,5 1 8 7 2 3 0 6 4
1416.jpg,0 1 3 2 4 7 5 6 8
1417.jpg,0 4 6 1 3 5 8 2 7
1418.jpg,6 2 7 4 8 5 0 1 3
1419.jpg,5 3 8 6 7 4 0 2 1
1420.jpg,8 1 3 4 7 5 0 6 2
1421.jpg,7 2 0 5 8 1 6 4 3
1422.jpg,3 8 7 2 5 1 6 0 4
1423.jpg,7 8 6 0 5 1 2 3 4
1424.jpg,1 6 3 7 2 8 4 0 5
1425.jpg,6 8 0 3 7 5 4 2 1
1426.jpg,4 1 7 3 8 5 2 6 0
1427.jpg,2 7 5 0 1 6 8 3 4
1428.jpg,1 3 4 8 0 2 7 6 5
1429.jpg,4 6 8 3 0 7 1 2 5
1430.jpg,8 6 1 0 5 4 3 7 2
1431.jpg,4 7 6 2 0 3 1 5 8
1432.jpg,8 7 6 0 5 3 2 4 1
1433.jpg,3 5 6 8 4 1 2 0 7
1434.jpg,7 2 6 0 8 5 3 1 4
1435.jpg,5 8 0 4 1 7 6 2 3
1436.jpg,2 6 1 3 0 7 5 8 4
1437.jpg,2 0 7 1 6 4 5 3 8
1438.jpg,7 1 6 4 5 8 3 0 2
1439.jpg,4 7 2 8 6 3 5 0 1
1440.jpg,5 7 3 2 6 1 8 0 4
1441.jpg,0 1 6 4 2 8 3 5 7
1442.jpg,7 8 3 6 2 0 4 1 5
1443.jpg,8 2 6 3 5 7 0 4 1
1444.jpg,5 8 6 7 2 4 0 3 1
1445.jpg,4 3 7 0 5 8 6 1 2
1446.jpg,5 8 3 0 7 6 1 2 4
1447.jpg,4 5 6 7 3 1 0 2 8
1448.jpg,1 7 3 0 2 8 5 4 6
1449.jpg,4 5 3 7 1 8 0 6 2
1450.jpg,4 8 3 5 1 7 6 0 2
1451.jpg,8 1 0 3 6 4 7 2 5
1452.jpg,3 5 0 4 7 8 6 1 2
1453.jpg,5 3 8 1 4 6 2 0 7
1454.jpg,6 1 2 8 3 0 7 5 4
1455.jpg,8 1 7 2 4 6 0 3 5
1456.jpg,5 4 0 1 8 3 6 7 2
1457.jpg,8 0 3 4 7 2 6 1 5
1458.jpg,5 7 3 2 6 1 8 0 4
1459.jpg,2 4 0 6 8 1 5 3 7
1460.jpg,2 3 1 5 6 0 7 8 4
1461.jpg,6 4 1 8 7 0 3 5 2
1462.jpg,7 4 8 0 2 6 3 1 5
1463.jpg,4 1 2 5 7 6 3 8 0
1464.jpg,0 4 1 2 5 7 8 3 6
1465.jpg,8 6 0 2 5 7 1 3 4
1466.jpg,6 1 2 3 4 8 7 5 0
1467.jpg,8 0 4 3 5 1 6 2 7
1468.jpg,7 1 6 3 8 4 2 5 0
1469.jpg,3 7 4 6 5 1 8 2 0
1470.jpg,5 1 0 2 7 6 4 3 8
1471.jpg,6 0 3 7 2 5 8 1 4
1472.jpg,1 3 5 2 8 6 7 0 4
1473.jpg,6 3 8 0 1 7 4 5 2
1474.jpg,1 6 8 0 7 2 5 3 4
1475.jpg,5 1 3 8 2 6 7 4 0
1476.jpg,5 3 6 4 1 8 7 2 0
1477.jpg,3 2 6 5 1 4 0 8 7
1478.jpg,0 1 5 8 3 2 6 7 4
1479.jpg,7 5 0 4 1 6 8 3 2
1480.jpg,4 2 0 1 5 3 8 6 7
1481.jpg,3 8 0 7 1 6 4 5 2
1482.jpg,5 6 8 7 0 4 2 3 1
1483.jpg,7 0 5 2 6 4 8 1 3
1484.jpg,2 1 6 0 8 4 3 7 5
1485.jpg,5 4 3 6 7 2 0 1 8
1486.jpg,8 0 1 7 6 4 2 3 5
1487.jpg,8 4 2 5 1 7 0 6 3
1488.jpg,6 0 7 4 5 2 1 8 3
1489.jpg,7 5 1 0 4 3 8 2 6
1490.jpg,2 1 7 8 5 6 0 3 4
1491.jpg,5 6 0 4 3 1 8 7 2
1492.jpg,4 7 5 3 0 2 6 1 8
1493.jpg,0 2 6 3 1 8 7 4 5
1494.jpg,1 0 4 3 5 6 7 2 8
1495.jpg,1 5 3 7 2 6 4 0 8
1496.jpg,0 4 6 3 8 1 5 2 7
1497.jpg,2 1 3 8 5 7 4 0 6
1498.jpg,4 5 1 0 3 6 7 2 8
1499.jpg,2 1 8 6 4 3 7 5 0
1500.jpg,0 4 3 8 7 6 5 1 2
1501.jpg,7 3 1 2 5 6 0 8 4
1502.jpg,4 2 1 3 8 5 0 7 6
1503.jpg,4 2 0 8 1 5 7 6 3
1504.jpg,0 8 5 6 2 1 3 7 4
1505.jpg,2 7 0 8 6 4 3 1 5
1506.jpg,0 3 6 2 1 7 8 5 4
1507.jpg,3 4 7 2 5 6 0 1 8
1508.jpg,6 5 8 3 7 2 1 0 4
1509.jpg,2 8 5 3 6 7 4 0 1
1510.jpg,6 2 3 4 5 1 7 0 8
1511.jpg,1 7 6 8 3 0 2 5 4
1512.jpg,8 0 4 5 3 6 2 1 7
1513.jpg,6 0 7 8 2 1 5 4 3
1514.jpg,5 6 4 7 0 1 3 2 8
1515.jpg,2 6 4 7 0 3 5 1 8
1516.jpg,4 6 5 0 7 1 8 3 2
1517.jpg,7 5 6 3 4 0 1 8 2
1518.jpg,6 5 3 1 0 8 4 7 2
1519.jpg,0 7 2 3 1 6 8 5 4
1520.jpg,3 8 5 0 1 2 6 7 4
1521.jpg,0 4 1 8 3 6 5 7 2
1522.jpg,3 8 4 0 7 1 6 5 2
1523.jpg,5 3 1 8 4 0 7 6 2
1524.jpg,3 6 4 2 5 1 7 8 0
1525.jpg,3 7 8 6 5 0 4 2 1
1526.jpg,1 5 7 6 4 3 0 8 2
1527.jpg,6 5 2 3 4 1 0 8 7
1528.jpg,2 3 8 1 5 6 4 0 7
1529.jpg,7 1 4 6 0 3 5 8 2
1530.jpg,5 8 0 1 3 2 4 7 6
1531.jpg,3 4 2 6 1 8 7 5 0
1532.jpg,6 0 2 4 1 5 7 3 8
1533.jpg,7 3 5 2 1 6 4 0 8
1534.jpg,0 5 3 7 6 4 1 2 8
1535.jpg,5 4 1 2 3 8 0 6 7
1536.jpg,5 4 1 7 3 8 2 6 0
1537.jpg,1 4 6 7 8 5 3 0 2
1538.jpg,0 7 4 6 1 3 8 5 2
1539.jpg,1 4 8 7 3 0 2 5 6
1540.jpg,3 4 6 1 5 8 0 2 7
1541.jpg,0 5 1 2 6 7 8 3 4
1542.jpg,0 4 2 3 5 6 8 7 1
1543.jpg,6 8 5 7 1 0 3 2 4
1544.jpg,8 7 3 4 2 6 5 0 1
1545.jpg,2 6 7 0 3 1 5 4 8
1546.jpg,0 4 7 1 6 8 5 2 3
1547.jpg,7 1 6 2 0 4 5 3 8
1548.jpg,8 2 3 7 0 4 1 5 6
1549.jpg,3 0 7 2 4 8 1 5 6
1550.jpg,1 4 8 5 0 6 2 3 7
1551.jpg,0 3 4 2 5 7 6 8 1
1552.jpg,4 0 2 6 3 7 5 8 1
1553.jpg,4 1 3 5 2 6 7 8 0
1554.jpg,5 6 4 3 8 2 7 0 1
1555.jpg,7 2 5 1 6 4 8 0 3
1556.jpg,2 8 7 5 1 6 4 0 3
1557.jpg,2 0 6 1 8 3 4 5 7
1558.jpg,1 7 2 8 4 5 0 3 6
1559.jpg,1 4 5 7 3 2 0 6 8
1560.jpg,8 3 6 0 2 5 1 7 4
1561.jpg,0 4 5 8 7 2 6 1 3
1562.jpg,8 1 4 0 7 2 5 3 6
1563.jpg,4 1 5 7 8 6 2 3 0
1564.jpg,2 4 8 0 7 1 6 3 5
1565.jpg,8 2 5 3 0 4 6 1 7
1566.jpg,2 8 1 4 5 7 3 6 0
1567.jpg,5 2 0 3 4 8 7 6 1
1568.jpg,2 7 5 3 4 8 1 0 6
1569.jpg,1 0 6 7 4 8 2 5 3
1570.jpg,4 8 7 2 6 1 0 3 5
1571.jpg,3 0 2 6 8 7 1 4 5
1572.jpg,6 1 7 4 2 0 8 5 3
1573.jpg,5 0 8 7 3 6 4 2 1
1574.jpg,6 7 8 1 5 4 0 3 2
1575.jpg,2 6 5 1 7 8 0 4 3
1576.jpg,0 5 8 1 7 6 3 4 2
1577.jpg,5 7 1 4 6 2 3 8 0
1578.jpg,5 4 0 1 6 2 7 8 3
1579.jpg,2 6 0 7 3 4 1 8 5
1580.jpg,2 0 6 7 1 4 3 5 8
1581.jpg,0 5 8 3 6 2 1 7 4
1582.jpg,7 3 2 0 4 8 5 6 1
1583.jpg,0 3 7 2 4 1 8 5 6
1584.jpg,6 4 3 7 1 0 5 2 8
1585.jpg,5 6 7 3 4 8 1 2 0
1586.jpg,5 0 6 2 1 8 3 4 7
1587.jpg,2 1 7 4 0 6 8 3 5
1588.jpg,7 2 1 4 6 3 0 5 8
1589.jpg,1 6 8 3 7 4 5 0 2
1590.jpg,7 3 6 4 0 5 1 8 2
1591.jpg,8 1 6 3 2 7 4 5 0
1592.jpg,4 8 3 7 1 2 0 6 5
1593.jpg,7 5 0 8 6 1 2 3 4
1594.jpg,2 7 5 6 4 3 1 8 0
1595.jpg,6 1 4 3 2 8 0 7 5
1596.jpg,1 7 0 3 8 2 4 5 6
1597.jpg,6 5 7 3 1 0 4 8 2
1598.jpg,5 4 0 3 1 6 8 7 2
1599.jpg,0 3 8 6 4 1 7 2 5
1600.jpg,6 4 3 0 7 8 5 2 1
1601.jpg,6 3 5 7 4 8 1 0 2
1602.jpg,4 8 6 0 1 7 2 3 5
1603.jpg,7 4 3 8 1 5 6 2 0
1604.jpg,2 5 1 3 4 8 7 6 0
1605.jpg,4 1 8 5 7 3 2 6 0
1606.jpg,5 3 8 4 7 1 6 2 0
1607.jpg,2 7 4 8 5 1 0 6 3
1608.jpg,4 0 2 1 8 3 5 6 7
1609.jpg,3 7 2 0 8 6 1 5 4
1610.jpg,4 8 1 7 6 0 2 3 5
1611.jpg,7 4 2 1 8 6 0 3 5
1612.jpg,6 5 4 8 7 2 3 0 1
1613.jpg,3 8 2 1 7 6 4 0 5
1614.jpg,8 1 4 7 2 3 6 5 0
1615.jpg,7 4 1 5 3 2 0 6 8
1616.jpg,6 8 0 1 3 5 2 7 4
1617.jpg,1 4 5 2 7 6 0 8 3
1618.jpg,6 8 7 3 4 2 1 0 5
1619.jpg,5 4 8 6 3 7 2 0 1
1620.jpg,0 3 5 6 1 4 8 2 7
1621.jpg,5 2 3 7 6 8 0 4 1
1622.jpg,0 2 7 1 6 5 8 4 3
1623.jpg,6 4 8 0 3 7 1 5 2
1624.jpg,1 3 7 6 4 8 0 5 2
1625.jpg,1 8 4 3 5 6 2 0 7
1626.jpg,7 2 6 3 1 8 0 5 4
1627.jpg,6 8 4 0 2 1 5 7 3
1628.jpg,0 7 8 1 4 5 3 2 6
1629.jpg,3 6 7 0 1 8 4 5 2
1630.jpg,5 6 0 1 3 7 4 2 8
1631.jpg,7 1 4 3 8 2 0 5 6
1632.jpg,4 2 6 5 7 0 1 3 8
1633.jpg,6 2 7 4 0 8 5 1 3
1634.jpg,7 5 3 0 2 1 8 4 6
1635.jpg,0 6 5 3 7 1 4 2 8
1636.jpg,3 4 7 2 5 8 6 1 0
1637.jpg,0 6 4 7 1 3 2 5 8
1638.jpg,5 4 6 0 7 3 8 1 2
1639.jpg,2 0 7 6 1 5 8 4 3
1640.jpg,5 3 4 6 8 1 2 7 0
1641.jpg,2 6 7 5 0 8 1 4 3
1642.jpg,4 8 6 2 1 7 0 3 5
1643.jpg,2 8 7 6 3 5 0 1 4
1644.jpg,2 1 5 0 6 8 3 4 7
1645.jpg,1 6 5 2 3 8 4 0 7
1646.jpg,3 7 2 5 1 8 0 6 4
1647.jpg,2 0 6 1 5 8 4 7 3
1648.jpg,3 8 1 4 0 2 5 6 7
1649.jpg,3 1 5 0 4 2 6 8 7
1650.jpg,1 3 2 8 0 4 6 7 5
1651.jpg,2 1 0 4 6 3 5 7 8
1652.jpg,7 5 8 4 2 6 3 0 1
1653.jpg,2 8 5 1 6 0 4 7 3
1654.jpg,6 3 1 8 0 4 5 7 2
1655.jpg,0 8 2 3 5 7 1 4 6
1656.jpg,3 2 8 7 4 6 1 5 0
1657.jpg,3 5 7 6 4 1 2 0 8
1658.jpg,4 5 2 3 7 6 1 8 0
1659.jpg,1 2 8 7 0 3 4 6 5
1660.jpg,5 8 6 3 7 2 4 1 0
1661.jpg,0 6 1 7 2 3 8 4 5
1662.jpg,2 6 8 0 5 3 7 1 4
1663.jpg,4 2 6 8 3 5 7 1 0
1664.jpg,5 2 3 8 7 0 4 1 6
1665.jpg,7 8 1 4 6 5 0 3 2
1666.jpg,6 1 7 5 0 2 4 8 3
1667.jpg,2 7 1 3 0 8 6 4 5
1668.jpg,4 6 8 7 5 2 0 1 3
1669.jpg,4 7 0 3 8 2 5 1 6
1670.jpg,1 8 5 4 6 2 0 7 3
1671.jpg,1 6 2 8 5 4 7 3 0
1672.jpg,5 6 8 2 7 1 3 0 4
1673.jpg,8 3 7 1 6 4 5 0 2
1674.jpg,4 5 2 6 8 1 0 7 3
1675.jpg,5 6 8 2 3 7 1 0 4
1676.jpg,0 7 6 1 2 8 3 4 5
1677.jpg,6 1 7 8 3 4 0 5 2
1678.jpg,1 7 0 4 8 2 6 5 3
1679.jpg,5 0 2 1 8 3 7 4 6
1680.jpg,7 4 3 8 6 5 2 1 0
1681.jpg,1 5 3 8 4 2 0 6 7
1682.jpg,6 4 7 3 5 8 1 2 0
1683.jpg,6 2 1 0 4 8 3 7 5
1684.jpg,3 4 0 2 1 5 6 7 8
1685.jpg,7 6 3 8 1 4 2 5 0
1686.jpg,4 0 6 7 5 1 2 3 8
1687.jpg,0 6 8 7 1 5 2 4 3
1688.jpg,6 4 8 0 7 3 2 1 5
1689.jpg,0 2 4 6 7 1 3 5 8
1690.jpg,5 8 2 0 4 3 1 6 7
1691.jpg,8 7 6 2 5 0 3 1 4
1692.jpg,7 2 1 6 0 4 8 5 3
1693.jpg,8 3 0 6 7 1 4 2 5
1694.jpg,5 6 8 7 3 0 2 1 4
1695.jpg,1 5 6 7 8 3 2 0 4
1696.jpg,2 0 1 5 8 4 7 6 3
1697.jpg,6 2 8 0 1 3 4 5 7
1698.jpg,3 6 2 7 8 4 5 1 0
1699.jpg,0 6 5 3 7 1 8 2 4
1700.jpg,5 2 3 8 7 0 4 6 1
1701.jpg,2 1 4 7 3 8 5 0 6
1702.jpg,2 3 8 5 4 6 0 7 1
1703.jpg,1 3 5 0 6 2 7 4 8
1704.jpg,7 0 4 5 3 6 8 1 2
1705.jpg,5 7 2 6 0 4 8 3 1
1706.jpg,7 1 4 3 6 5 2 0 8
1707.jpg,5 2 4 0 1 7 8 6 3
1708.jpg,2 4 3 6 5 1 8 0 7
1709.jpg,8 5 0 4 1 2 7 3 6
1710.jpg,6 1 8 5 3 0 2 4 7
1711.jpg,3 2 4 8 0 7 1 6 5
1712.jpg,4 7 6 5 1 8 0 3 2
1713.jpg,2 4 1 7 0 8 6 3 5
1714.jpg,5 4 2 1 6 3 8 7 0
1715.jpg,7 4 2 1 8 0 3 6 5
1716.jpg,0 3 4 7 1 8 5 6 2
1717.jpg,5 2 7 0 1 6 4 3 8
1718.jpg,1 8 0 6 5 2 3 7 4
1719.jpg,2 4 8 5 1 0 7 3 6
1720.jpg,3 8 0 1 7 5 6 4 2
1721.jpg,2 5 6 4 0 1 7 8 3
1722.jpg,3 2 6 8 1 5 4 7 0
1723.jpg,3 4 0 5 2 7 1 8 6
1724.jpg,1 8 3 5 6 0 4 2 7
1725.jpg,1 3 0 7 2 8 6 5 4
1726.jpg,7 4 5 8 0 6 2 3 1
1727.jpg,3 1 8 4 0 2 6 7 5
1728.jpg,6 4 7 0 1 8 2 5 3
1729.jpg,6 8 5 0 7 1 4 3 2
1730.jpg,8 7 3 0 1 4 6 2 5
1731.jpg,8 4 3 5 7 2 1 0 6
1732.jpg,3 4 7 2 5 1 6 0 8
1733.jpg,4 0 8 3 7 5 1 6 2
1734.jpg,0 6 4 7 2 5 8 1 3
1735.jpg,3 2 6 5 0 8 1 4 7
1736.jpg,0 7 2 4 8 3 5 6 1
1737.jpg,0 4 1 3 2 6 7 5 8
1738.jpg,3 1 8 0 6 2 7 5 4
1739.jpg,8 7 1 2 6 0 4 3 5
1740.jpg,3 7 5 1 4 6 8 2 0
1741.jpg,6 1 0 8 2 5 7 3 4
1742.jpg,1 2 5 0 8 3 7 6 4
1743.jpg,0 4 1 3 5 6 2 7 8
1744.jpg,8 7 3 0 4 6 1 5 2
1745.jpg,4 5 6 7 2 0 3 8 1
1746.jpg,8 1 4 6 5 0 3 7 2
1747.jpg,5 8 6 7 0 2 3 1 4
1748.jpg,5 1 7 3 0 8 2 6 4
1749.jpg,4 1 8 2 3 6 0 5 7
1750.jpg,7 0 1 6 3 4 5 8 2
1751.jpg,1 6 8 5 7 2 4 3 0
1752.jpg,2 5 3 4 0 1 8 6 7
1753.jpg,6 8 0 7 3 4 5 2 1
1754.jpg,4 8 7 6 5 0 2 1 3
1755.jpg,1 2 6 8 5 4 0 7 3
1756.jpg,3 2 7 4 0 1 5 8 6
1757.jpg,1 4 5 0 3 8 7 2 6
1758.jpg,3 6 1 2 7 8 5 4 0
1759.jpg,6 1 0 2 7 8 5 4 3
1760.jpg,8 1 2 3 7 4 6 5 0
1761.jpg,7 5 6 0 2 4 1 8 3
1762.jpg,7 2 6 0 4 8 3 1 5
1763.jpg,4 1 8 7 2 3 5 6 0
1764.jpg,5 2 3 1 8 7 0 6 4
1765.jpg,6 4 2 8 0 5 7 1 3
1766.jpg,4 3 0 1 7 2 5 6 8
1767.jpg,1 8 7 6 4 2 3 0 5
1768.jpg,2 5 0 6 4 8 3 1 7
1769.jpg,7 1 8 4 5 6 0 3 2
1770.jpg,2 3 7 5 4 8 6 1 0
1771.jpg,6 2 3 7 8 5 4 1 0
1772.jpg,5 3 7 0 1 8 4 6 2
1773.jpg,3 2 4 7 8 5 1 6 0
1774.jpg,6 4 5 1 0 7 3 2 8
1775.jpg,2 8 6 7 5 1 0 3 4
1776.jpg,8 2 5 0 7 3 6 1 4
1777.jpg,7 0 3 1 4 2 6 5 8
1778.jpg,5 3 2 6 1 8 0 7 4
1779.jpg,1 2 6 4 7 0 8 3 5
1780.jpg,6 3 0 2 5 8 4 7 1
1781.jpg,1 4 7 2 8 0 3 5 6
1782.jpg,0 3 8 2 5 6 1 4 7
1783.jpg,0 4 7 8 6 5 3 1 2
1784.jpg,6 5 4 7 8 3 0 2 1
1785.jpg,4 3 2 7 6 5 0 1 8
1786.jpg,2 6 3 7 1 8 0 4 5
1787.jpg,2 3 7 5 6 0 8 4 1
1788.jpg,1 4 6 0 2 7 8 5 3
1789.jpg,3 0 2 8 6 1 4 7 5
1790.jpg,8 4 3 6 7 0 2 5 1
1791.jpg,4 2 8 3 0 5 6 1 7
1792.jpg,2 0 8 5 6 1 3 4 7
1793.jpg,4 8 6 3 5 0 7 2 1
1794.jpg,7 6 8 4 3 0 2 1 5
1795.jpg,3 6 7 2 5 1 4 8 0
1796.jpg,5 2 8 6 4 1 0 3 7
1797.jpg,1 5 7 2 3 8 6 4 0
1798.jpg,7 0 8 2 3 1 6 4 5
1799.jpg,8 3 7 5 0 6 2 1 4
1800.jpg,7 6 2 0 1 8 5 4 3
1801.jpg,8 5 7 1 3 0 2 4 6
1802.jpg,5 1 0 8 6 3 7 4 2
1803.jpg,1 3 0 4 5 7 2 6 8
1804.jpg,0 6 2 8 7 4 1 5 3
1805.jpg,8 6 4 1 3 5 0 2 7
1806.jpg,3 4 8 0 5 7 6 1 2
1807.jpg,3 2 5 8 7 1 0 4 6
1808.jpg,7 3 1 8 5 2 0 4 6
1809.jpg,4 6 8 7 1 0 2 3 5
1810.jpg,5 4 3 6 7 8 0 2 1
1811.jpg,3 5 8 7 2 1 6 0 4
1812.jpg,2 0 5 3 7 1 8 4 6
1813.jpg,4 5 2 6 0 3 1 7 8
1814.jpg,3 4 1 2 7 5 0 8 6
1815.jpg,6 2 7 1 5 8 0 3 4
1816.jpg,4 8 2 0 5 3 6 7 1
1817.jpg,1 8 6 7 3 2 0 4 5
1818.jpg,5 0 6 4 1 7 2 3 8
1819.jpg,7 2 5 3 6 4 1 8 0
1820.jpg,1 0 3 2 6 4 8 5 7
1821.jpg,0 6 3 2 7 5 1 4 8
1822.jpg,1 0 4 3 8 2 6 7 5
1823.jpg,1 3 7 4 8 6 5 0 2
1824.jpg,7 2 1 4 5 3 8 0 6
1825.jpg,0 7 3 5 4 8 1 2 6
1826.jpg,7 1 2 3 8 4 6 0 5
1827.jpg,1 2 3 5 4 0 8 7 6
1828.jpg,5 3 7 6 1 8 4 0 2
1829.jpg,1 0 4 3 6 2 7 8 5
1830.jpg,6 8 7 5 4 1 0 2 3
1831.jpg,1 6 2 7 8 4 3 0 5
1832.jpg,8 0 6 4 1 2 3 7 5
1833.jpg,5 0 6 2 7 8 1 3 4
1834.jpg,4 2 7 6 0 5 1 8 3
1835.jpg,1 6 0 5 8 2 3 7 4
1836.jpg,6 7 5 0 4 2 8 1 3
1837.jpg,8 5 1 4 6 3 2 7 0
1838.jpg,6 8 3 5 7 4 0 2 1
1839.jpg,8 3 5 2 7 4 0 1 6
1840.jpg,1 0 7 6 3 2 8 5 4
1841.jpg,0 8 4 5 1 3 7 6 2
1842.jpg,7 1 6 3 4 0 5 2 8
1843.jpg,5 8 1 4 3 7 2 0 6
1844.jpg,3 7 4 0 1 8 6 2 5
1845.jpg,7 4 0 3 6 8 2 1 5
1846.jpg,5 7 8 3 0 4 1 6 2
1847.jpg,3 2 8 5 7 0 6 1 4
1848.jpg,6 2 7 0 1 5 8 3 4
1849.jpg,7 3 8 0 4 2 5 1 6
1850.jpg,2 0 1 7 6 5 4 3 8
1851.jpg,8 0 3 4 2 5 7 6 1
1852.jpg,6 8 1 5 2 4 0 7 3
1853.jpg,1 0 3 7 5 2 4 8 6
1854.jpg,8 1 2 7 4 6 5 3 0
1855.jpg,6 5 3 2 4 1 0 8 7
1856.jpg,0 6 8 7 2 1 3 5 4
1857.jpg,0 1 5 6 2 8 3 7 4
1858.jpg,2 7 5 8 1 4 6 0 3
1859.jpg,6 0 7 2 4 8 3 5 1
1860.jpg,0 5 6 3 4 1 7 8 2
1861.jpg,6 0 5 7 2 1 3 8 4
1862.jpg,1 7 5 4 2 3 8 0 6
1863.jpg,2 5 6 7 0 1 3 8 4
1864.jpg,8 2 1 3 4 7 5 0 6
1865.jpg,1 2 0 6 7 5 4 3 8
1866.jpg,7 8 1 6 3 2 4 5 0
1867.jpg,0 6 5 4 8 3 2 1 7
1868.jpg,2 8 3 1 7 4 0 5 6
1869.jpg,5 3 7 0 1 4 2 8 6
1870.jpg,2 3 1 0 5 4 8 6 7
1871.jpg,6 7 3 4 5 1 0 8 2
1872.jpg,2 6 3 0 1 4 8 7 5
1873.jpg,4 1 6 7 0 8 5 3 2
1874.jpg,3 1 0 6 2 5 7 4 8
1875.jpg,5 8 0 6 3 4 7 2 1
1876.jpg,3 4 7 6 5 8 1 2 0
1877.jpg,1 5 4 3 8 0 2 6 7
1878.jpg,5 6 0 8 2 1 3 7 4
1879.jpg,2 4 1 3 5 6 8 0 7
1880.jpg,6 2 7 5 3 4 8 1 0
1881.jpg,1 3 0 7 4 5 2 6 8
1882.jpg,8 1 7 0 3 2 5 6 4
1883.jpg,3 5 0 8 4 1 7 6 2
1884.jpg,5 6 3 0 7 8 2 4 1
1885.jpg,8 1 7 2 3 5 0 4 6
1886.jpg,3 6 2 0 7 5 8 4 1
1887.jpg,0 6 3 1 7 4 8 2 5
1888.jpg,4 6 3 1 8 7 5 0 2
1889.jpg,6 7 4 8 5 0 1 2 3
1890.jpg,6 4 2 3 1 8 7 5 0
1891.jpg,0 6 3 5 7 4 2 8 1
1892.jpg,6 8 2 3 7 0 4 5 1
1893.jpg,7 4 6 1 5 2 0 8 3
1894.jpg,5 8 7 2 3 4 0 6 1
1895.jpg,3 2 7 4 0 6 1 8 5
1896.jpg,0 8 5 6 7 2 1 4 3
1897.jpg,1 0 5 3 4 2 7 8 6
1898.jpg,7 8 5 6 3 0 2 4 1
1899.jpg,8 6 2 3 0 4 1 7 5
1900.jpg,2 3 7 6 0 4 5 8 1
1901.jpg,3 8 7 4 6 0 5 1 2
1902.jpg,7 8 3 6 1 2 4 5 0
1903.jpg,1 3 2 0 8 4 6 7 5
1904.jpg,1 2 4 7 0 5 6 8 3
1905.jpg,3 0 6 4 5 2 1 8 7
1906.jpg,3 8 5 1 6 2 7 0 4
1907.jpg,3 7 4 1 2 5 8 6 0
1908.jpg,5 7 1 6 3 0 2 8 4
1909.jpg,2 4 3 0 8 5 6 1 7
1910.jpg,3 0 1 4 6 2 8 5 7
1911.jpg,1 4 7 3 2 0 6 5 8
1912.jpg,8 1 4 0 7 5 6 3 2
1913.jpg,0 3 7 2 8 1 5 6 4
1914.jpg,1 7 2 0 3 4 6 5 8
1915.jpg,8 4 3 1 2 6 7 0 5
1916.jpg,7 6 3 5 4 8 1 0 2
1917.jpg,4 6 2 5 7 1 3 8 0
1918.jpg,6 1 0 3 4 2 8 5 7
1919.jpg,7 3 6 1 5 8 2 0 4
1920.jpg,8 6 0 3 4 1 2 7 5
1921.jpg,0 1 7 5 3 4 2 8 6
1922.jpg,8 7 6 3 1 0 2 5 4
1923.jpg,4 7 1 5 3 6 8 2 0
1924.jpg,0 4 7 1 2 3 8 5 6
1925.jpg,1 3 2 4 8 0 5 6 7
1926.jpg,2 0 7 4 1 8 5 3 6
1927.jpg,7 3 8 1 4 5 0 2 6
1928.jpg,8 0 2 3 1 4 5 7 6
1929.jpg,1 2 3 7 5 0 6 8 4
1930.jpg,0 2 3 8 4 5 6 7 1
1931.jpg,4 2 1 0 3 7 8 6 5
1932.jpg,7 0 4 2 6 8 1 5 3
1933.jpg,5 7 2 1 0 3 4 8 6
1934.jpg,5 2 7 4 1 6 0 3 8
1935.jpg,1 2 6 7 3 8 0 5 4
1936.jpg,5 0 4 6 7 2 1 8 3
1937.jpg,3 4 6 0 5 2 1 7 8
1938.jpg,0 1 8 4 3 2 7 5 6
1939.jpg,8 6 5 4 7 2 0 1 3
1940.jpg,4 6 8 0 1 7 2 5 3
1941.jpg,7 4 2 0 5 1 6 8 3
1942.jpg,6 5 4 3 1 2 7 8 0
1943.jpg,5 1 8 3 4 6 0 2 7
1944.jpg,1 0 5 2 3 7 4 6 8
1945.jpg,4 7 3 5 6 0 1 2 8
1946.jpg,4 7 1 8 5 3 6 0 2
1947.jpg,5 8 0 7 2 6 1 4 3
1948.jpg,8 5 4 7 6 1 2 3 0
1949.jpg,4 6 3 8 7 0 5 1 2
1950.jpg,3 2 1 7 6 0 8 5 4
1951.jpg,2 5 8 4 7 0 3 6 1
1952.jpg,2 7 8 5 0 1 3 6 4
1953.jpg,5 0 7 8 1 3 2 4 6
1954.jpg,0 3 6 8 5 4 1 7 2
1955.jpg,4 7 8 2 3 5 1 6 0
1956.jpg,1 0 7 6 2 5 4 8 3
1957.jpg,5 8 2 3 1 7 6 4 0
1958.jpg,0 8 4 7 5 6 3 2 1
1959.jpg,3 5 8 4 6 2 1 0 7
1960.jpg,1 8 5 0 3 4 6 2 7
1961.jpg,1 0 3 6 5 7 2 8 4
1962.jpg,2 5 0 4 6 8 1 3 7
1963.jpg,4 8 0 5 2 1 7 6 3
1964.jpg,1 6 5 3 4 0 7 8 2
1965.jpg,5 6 2 7 1 0 8 3 4
1966.jpg,5 1 8 6 7 2 0 4 3
1967.jpg,0 2 5 6 1 8 7 3 4
1968.jpg,0 7 4 2 1 8 5 3 6
1969.jpg,1 5 4 6 8 3 0 7 2
1970.jpg,5 0 7 1 6 2 4 8 3
1971.jpg,8 5 3 0 1 7 6 4 2
1972.jpg,5 7 4 3 2 0 8 1 6
1973.jpg,3 6 7 0 4 1 8 5 2
1974.jpg,5 7 6 2 3 8 4 0 1
1975.jpg,5 2 3 1 6 4 0 7 8
1976.jpg,7 6 5 1 0 4 8 3 2
1977.jpg,4 3 2 8 7 5 6 1 0
1978.jpg,3 2 4 0 5 7 8 1 6
1979.jpg,4 2 1 8 3 6 0 7 5
1980.jpg,7 5 3 2 0 1 8 4 6
1981.jpg,2 6 0 3 5 1 8 7 4
1982.jpg,1 6 0 2 7 3 8 5 4
1983.jpg,4 0 5 7 6 3 2 1 8
1984.jpg,8 6 7 4 2 5 3 1 0
1985.jpg,1 8 3 5 7 0 2 6 4
1986.jpg,5 7 8 2 0 3 1 6 4
1987.jpg,0 4 2 8 3 5 7 1 6
1988.jpg,0 3 1 2 8 4 6 5 7
1989.jpg,7 2 6 4 8 3 5 0 1
1990.jpg,7 5 2 0 1 8 6 4 3
1991.jpg,2 6 1 3 4 7 8 5 0
1992.jpg,8 4 3 0 6 7 5 2 1
1993.jpg,7 4 3 6 1 2 0 8 5
1994.jpg,6 3 0 8 7 4 2 1 5
1995.jpg,4 5 2 3 0 1 8 7 6
1996.jpg,5 1 7 4 8 3 6 2 0
1997.jpg,4 7 2 1 8 0 6 3 5
1998.jpg,3 5 0 1 6 4 7 2 8
1999.jpg,1 3 5 6 2 0 7 4 8
2000.jpg,2 8 3 0 1 6 5 7 4
2001.jpg,0 7 1 5 2 3 6 8 4
2002.jpg,0 3 5 6 4 8 2 1 7
2003.jpg,4 5 7 6 1 3 0 2 8
2004.jpg,5 0 6 2 4 7 1 8 3
2005.jpg,8 3 1 6 4 5 0 2 7
2006.jpg,4 1 3 8 6 2 5 7 0
2007.jpg,3 5 1 6 4 8 2 7 0
2008.jpg,0 3 6 2 1 7 4 5 8
2009.jpg,4 8 0 2 7 3 1 6 5
2010.jpg,0 4 6 5 1 3 8 7 2
2011.jpg,3 6 1 8 4 7 0 5 2
2012.jpg,5 8 0 3 7 2 6 4 1
2013.jpg,5 0 8 4 2 6 1 3 7
2014.jpg,0 5 2 6 4 8 7 3 1
2015.jpg,4 7 1 3 2 0 8 6 5
2016.jpg,1 2 3 4 8 0 5 6 7
2017.jpg,6 3 1 7 8 5 4 2 0
2018.jpg,0 1 5 6 8 2 7 4 3
2019.jpg,2 6 3 7 1 5 4 8 0
2020.jpg,6 8 7 5 4 2 1 0 3
2021.jpg,7 6 3 2 1 4 0 5 8
2022.jpg,7 0 8 3 2 4 5 6 1
2023.jpg,7 2 4 6 0 3 1 5 8
2024.jpg,3 7 5 0 4 8 6 2 1
2025.jpg,6 0 1 4 8 3 5 7 2
2026.jpg,4 2 3 8 6 0 7 5 1
2027.jpg,4 1 5 8 2 0 7 6 3
2028.jpg,2 6 1 3 7 8 4 5 0
2029.jpg,8 1 6 4 3 7 5 0 2
2030.jpg,7 5 4 1 8 6 2 3 0
2031.jpg,3 2 1 6 7 5 0 8 4
2032.jpg,6 4 8 3 0 2 7 1 5
2033.jpg,8 7 2 6 0 1 5 4 3
2034.jpg,5 1 4 7 2 6 8 0 3
2035.jpg,2 3 7 0 1 5 6 8 4
2036.jpg,8 6 3 4 1 7 0 5 2
2037.jpg,2 7 1 4 0 8 6 3 5
2038.jpg,4 1 8 5 7 3 6 2 0
2039.jpg,6 0 8 4 5 3 1 7 2
2040.jpg,8 0 1 3 5 4 2 7 6
2041.jpg,4 8 1 0 5 2 6 7 3
2042.jpg,0 6 5 4 7 1 3 8 2
2043.jpg,4 0 8 7 6 2 1 3 5
2044.jpg,3 1 6 4 0 5 2 7 8
2045.jpg,6 8 5 3 2 7 0 4 1
2046.jpg,8 5 0 3 6 1 2 7 4
2047.jpg,5 0 3 4 1 2 6 7 8
2048.jpg,5 3 6 0 7 8 4 2 1
2049.jpg,4 6 5 1 7 8 0 3 2
2050.jpg,6 2 8 0 3 4 5 7 1
2051.jpg,7 0 3 5 1 8 6 4 2
2052.jpg,0 6 2 7 5 1 4 3 8
2053.jpg,3 5 8 7 0 4 6 2 1
2054.jpg,0 5 8 1 3 7 6 2 4
2055.jpg,8 3 6 2 7 1 4 0 5
2056.jpg,2 8 6 0 7 1 4 3 5
2057.jpg,7 4 6 2 1 3 5 8 0
2058.jpg,0 2 5 3 8 4 1 6 7
2059.jpg,5 7 1 4 2 0 8 3 6
2060.jpg,4 3 7 5 2 6 0 8 1
2061.jpg,6 3 8 5 1 7 0 4 2
2062.jpg,0 2 4 7 5 1 6 8 3
2063.jpg,6 0 8 3 4 7 2 1 5
2064.jpg,7 6 3 4 1 2 5 0 8
2065.jpg,4 3 2 6 8 1 0 5 7
2066.jpg,2 6 8 5 0 1 7 3 4
2067.jpg,5 3 1 6 4 0 2 7 8
2068.jpg,2 3 8 4 6 7 5 0 1
2069.jpg,3 5 1 2 6 8 0 4 7
2070.jpg,6 1 8 3 7 5 4 0 2
2071.jpg,5 3 7 2 6 8 1 4 0
2072.jpg,8 4 5 2 3 0 7 6 1
2073.jpg,1 6 0 2 7 5 3 8 4
2074.jpg,5 0 6 8 1 2 3 4 7
2075.jpg,8 7 4 5 0 2 6 1 3
2076.jpg,0 5 2 8 7 4 1 6 3
2077.jpg,8 6 0 5 4 2 7 3 1
2078.jpg,0 6 8 2 1 4 7 5 3
2079.jpg,4 0 3 8 5 7 2 1 6
2080.jpg,1 0 7 6 3 4 8 2 5
2081.jpg,3 5 1 4 7 2 0 8 6
2082.jpg,0 2 7 8 3 4 1 5 6
2083.jpg,2 8 7 3 6 5 1 0 4
2084.jpg,3 8 2 0 1 6 4 5 7
2085.jpg,3 0 7 6 4 8 1 5 2
2086.jpg,3 0 8 1 4 7 5 2 6
2087.jpg,8 3 2 7 4 5 6 0 1
2088.jpg,7 0 4 1 5 8 6 2 3
2089.jpg,0 7 2 8 5 3 1 4 6
2090.jpg,5 3 4 7 0 6 8 2 1
2091.jpg,5 7 3 2 0 6 8 1 4
2092.jpg,4 0 5 6 7 3 1 8 2
2093.jpg,2 3 8 6 7 0 4 5 1
2094.jpg,0 1 7 3 2 6 8 5 4
2095.jpg,5 7 4 3 8 2 1 0 6
2096.jpg,7 4 3 1 0 5 2 6 8
2097.jpg,5 6 3 4 0 1 2 8 7
2098.jpg,5 1 3 2 0 4 7 6 8
2099.jpg,6 0 3 4 8 5 7 1 2
2100.jpg,6 4 2 1 0 7 5 8 3
2101.jpg,8 7 4 6 5 2 0 3 1
2102.jpg,6 2 1 4 3 0 8 7 5
2103.jpg,8 4 5 0 6 7 2 1 3
2104.jpg,4 1 5 0 3 6 7 2 8
2105.jpg,4 5 7 0 1 2 3 8 6
2106.jpg,4 7 6 1 5 3 8 0 2
2107.jpg,6 0 8 3 4 2 7 1 5
2108.jpg,2 8 0 3 4 6 5 7 1
2109.jpg,6 1 2 3 5 0 8 4 7
2110.jpg,6 2 8 7 0 1 5 4 3
2111.jpg,8 3 5 4 1 7 0 2 6
2112.jpg,3 5 1 6 7 0 2 8 4
2113.jpg,2 1 0 4 7 5 8 3 6
2114.jpg,3 0 6 7 2 8 5 4 1
2115.jpg,5 6 8 7 1 2 3 0 4
2116.jpg,1 6 2 4 0 8 7 3 5
2117.jpg,3 8 6 5 4 2 1 7 0
2118.jpg,5 2 4 3 1 0 6 7 8
2119.jpg,0 5 6 1 8 3 7 2 4
2120.jpg,6 5 0 8 7 1 2 4 3
2121.jpg,8 2 5 7 3 4 1 0 6
2122.jpg,6 4 2 3 0 7 5 1 8
2123.jpg,0 2 5 8 4 3 1 6 7
2124.jpg,0 5 7 3 8 6 2 4 1
2125.jpg,1 7 5 6 3 2 8 0 4
2126.jpg,3 5 2 7 4 6 8 1 0
2127.jpg,4 5 0 1 6 8 3 2 7
2128.jpg,8 3 6 4 2 0 7 5 1
2129.jpg,1 6 3 5 4 2 8 0 7
2130.jpg,7 4 2 1 5 6 3 0 8
2131.jpg,6 3 0 1 8 4 2 7 5
2132.jpg,5 3 8 4 1 0 2 6 7
2133.jpg,7 8 2 0 5 4 6 3 1
2134.jpg,1 8 5 0 4 7 3 6 2
2135.jpg,3 1 8 6 2 7 4 5 0
2136.jpg,4 8 3 6 0 7 5 2 1
2137.jpg,8 1 2 4 0 7 5 6 3
2138.jpg,8 4 3 6 5 2 7 1 0
2139.jpg,2 4 6 8 0 3 5 7 1
2140.jpg,4 5 2 1 8 0 3 7 6
2141.jpg,2 4 1 7 0 5 3 6 8
2142.jpg,5 0 8 2 7 4 6 1 3
2143.jpg,6 4 1 5 3 2 8 0 7
2144.jpg,5 0 4 6 3 8 2 1 7
2145.jpg,6 1 2 7 4 3 5 0 8
2146.jpg,1 0 2 4 5 6 3 7 8
2147.jpg,6 1 7 3 5 4 2 8 0
2148.jpg,7 0 5 8 3 4 6 2 1
2149.jpg,7 2 1 0 3 6 5 4 8
2150.jpg,0 8 6 4 5 2 3 1 7
2151.jpg,7 8 3 4 6 5 0 1 2
2152.jpg,1 5 3 6 4 2 0 8 7
2153.jpg,4 8 0 1 3 5 7 2 6
2154.jpg,6 1 8 5 2 4 0 3 7
2155.jpg,4 1 0 5 8 7 3 6 2
2156.jpg,5 2 8 7 6 0 1 3 4
2157.jpg,3 1 0 6 7 5 2 8 4
2158.jpg,6 0 7 8 2 5 4 1 3
2159.jpg,7 3 4 6 2 8 0 1 5
2160.jpg,3 5 7 6 4 8 0 2 1
2161.jpg,1 8 0 7 5 3 2 4 6
2162.jpg,4 2 8 5 0 1 6 3 7
2163.jpg,0 6 3 5 4 7 1 2 8
2164.jpg,1 2 4 8 0 5 3 6 7
2165.jpg,0 3 4 1 8 5 6 7 2
2166.jpg,5 2 4 7 1 0 3 8 6
2167.jpg,0 7 1 2 5 8 4 6 3
2168.jpg,3 5 6 8 7 0 2 4 1
2169.jpg,3 7 0 4 5 1 8 6 2
2170.jpg,3 2 8 0 6 1 7 5 4
2171.jpg,5 3 1 8 0 7 4 6 2
2172.jpg,0 3 6 7 4 5 2 1 8
2173.jpg,6 4 1 0 7 3 2 5 8
2174.jpg,2 1 3 8 7 5 4 6 0
2175.jpg,7 4 0 6 3 1 2 8 5
2176.jpg,4 0 2 3 5 8 1 6 7
2177.jpg,4 0 1 6 7 5 2 3 8
2178.jpg,0 4 5 6 7 2 1 3 8
2179.jpg,1 3 6 7 8 4 5 2 0
2180.jpg,2 1 8 0 4 7 5 3 6
2181.jpg,5 4 0 1 8 6 3 7 2
2182.jpg,0 8 6 3 7 2 5 1 4
